29-09-14,1.133805
29-09-14,-0.57221
29-09-14,0.262937
29-09-14,-0.653225
29-09-14,-0.348263
29-09-14,-0.079632
29-09-14,-1.108235
29-09-14,0.730726
29-09-14,-0.489237
29-09-14,-1.172835
29-09-14,-0.913387
29-09-14,-0.547507
29-09-14,-0.361494
29-09-14,1.24604
29-09-14,1.423261
29-09-14,-0.635588
29-09-14,-1.146654
29-09-14,0.398541
29-09-14,1.669943
30-09-14,0.142164
30-09-14,1.144641
30-09-14,-0.847853
30-09-14,1.100266
30-09-14,0.444758
30-09-14,-1.696786
30-09-14,-1.166724
30-09-14,0.365652
30-09-14,-0.502166
30-09-14,1.300862
30-09-14,-0.016836
30-09-14,-0.912739
30-09-14,-0.438252
30-09-14,1.496623
30-09-14,0.325768
30-09-14,-0.684607
30-09-14,-0.184438
30-09-14,-0.597485
30-09-14,0.007832
30-09-14,-0.403765
30-09-14,1.572046
30-09-14,0.025254
30-09-14,1.003783
30-09-14,-0.51595
30-09-14,-0.347093
30-09-14,0.383341
30-09-14,-0.221157
30-09-14,1.888674
30-09-14,0.930673
30-09-14,1.072842
30-09-14,-1.212989
30-09-14,0.248099
30-09-14,0.808041
30-09-14,1.91826
30-09-14,-1.808601
30-09-14,-0.455193
30-09-14,-0.810161
30-09-14,0.61544
30-09-14,1.303311
30-09-14,0.320296
30-09-14,-1.026751
30-09-14,-2.968997
30-09-14,-0.433101
30-09-14,2.623251
30-09-14,-0.588951
30-09-14,2.658657
30-09-14,1.277682
30-09-14,-4.760233
30-09-14,-0.36329
30-09-14,1.819239
30-09-14,3.917995
30-09-14,-1.057759
30-09-14,0.806575
30-09-14,-0.315699
30-09-14,1.214485
30-09-14,-2.016656
30-09-14,-2.762325
30-09-14,0.731002
30-09-14,1.268483
30-09-14,0.506273
30-09-14,-0.603051
30-09-14,-1.615266
30-09-14,0.411863
30-09-14,0.978524
30-09-14,3.66595
30-09-14,-0.113876
30-09-14,-0.418656
30-09-14,-4.332205
30-09-14,1.377334
30-09-14,-0.059479
30-09-14,1.803944
30-09-14,-1.596602
30-09-14,0.190456
30-09-14,0.447336
30-09-14,2.241276
30-09-14,-3.897193
30-09-14,-0.843268
30-09-14,1.496123
30-09-14,-1.015741
30-09-14,-1.777135
30-09-14,0.504276
30-09-14,-1.246889
30-09-14,0.280224
30-09-14,-0.554618
30-09-14,-0.661934
30-09-14,-1.026469
30-09-14,-0.351682
30-09-14,-0.372388
30-09-14,-0.055287
30-09-14,1.046505
30-09-14,0.14995
30-09-14,-0.761472
30-09-14,-0.074542
30-09-14,0.315775
30-09-14,0.496395
30-09-14,0.928889
30-09-14,-0.302714
30-09-14,-0.006986
30-09-14,0.834414
30-09-14,0.720334
30-09-14,1.195844
30-09-14,-1.532587
30-09-14,0.102619
30-09-14,0.235851
30-09-14,0.157851
30-09-14,-1.321499
30-09-14,1.545163
30-09-14,-0.711336
30-09-14,-0.769971
30-09-14,1.12491
30-09-14,-0.753862
30-09-14,-0.549598
30-09-14,0.148622
30-09-14,-0.556456
30-09-14,0.150431
30-09-14,-0.127543
30-09-14,-0.503682
30-09-14,-0.917144
30-09-14,2.328477
30-09-14,0.162896
30-09-14,-0.107679
30-09-14,-1.603248
30-09-14,-0.513069
30-09-14,-0.054613
30-09-14,1.553168
30-09-14,-0.261644
30-09-14,-0.684149
30-09-14,-0.336273
30-09-14,0.716292
30-09-14,-1.266795
30-09-14,0.396688
30-09-14,-0.218055
30-09-14,-0.554155
30-09-14,0.813874
30-09-14,-0.385879
30-09-14,0.044621
30-09-14,0.463453
30-09-14,1.21245
30-09-14,-0.255485
01-10-14,2.676188
01-10-14,-0.561085
01-10-14,-1.648331
01-10-14,-0.430752
01-10-14,0.068977
01-10-14,-1.086661
01-10-14,-0.648805
01-10-14,1.035249
01-10-14,-0.859607
01-10-14,0.979266
01-10-14,0.183967
01-10-14,-0.068558
01-10-14,-1.120703
01-10-14,0.393948
01-10-14,1.0768
01-10-14,-0.29663
01-10-14,-0.296391
01-10-14,-0.151757
01-10-14,-0.423775
01-10-14,0.673443
01-10-14,1.492477
01-10-14,-0.535069
01-10-14,-0.131418
01-10-14,0.304723
01-10-14,-0.266169
01-10-14,-0.020714
01-10-14,0.444607
01-10-14,-0.132577
01-10-14,2.54337
01-10-14,-0.863823
01-10-14,-0.019328
01-10-14,1.027673
01-10-14,-1.140837
01-10-14,-0.06983
01-10-14,-1.611986
01-10-14,0.424426
01-10-14,0.570711
01-10-14,2.564058
01-10-14,-0.592789
01-10-14,0.416748
01-10-14,1.499097
01-10-14,0.826058
01-10-14,-3.019355
01-10-14,1.510648
01-10-14,-4.628614
01-10-14,1.970012
01-10-14,1.909479
01-10-14,0.904303
01-10-14,2.340216
01-10-14,0.015889
01-10-14,-0.401097
01-10-14,-1.978733
01-10-14,-0.798599
01-10-14,1.224725
01-10-14,1.013372
01-10-14,-0.214105
01-10-14,-0.635792
01-10-14,1.866974
01-10-14,-1.698135
01-10-14,-1.029236
01-10-14,-3.37509
01-10-14,0.981853
01-10-14,0.23277
01-10-14,4.229337
01-10-14,0.058131
01-10-14,0.425942
01-10-14,0.296513
01-10-14,-0.49818
01-10-14,1.600237
01-10-14,-4.029923
01-10-14,-0.28678
01-10-14,0.109063
01-10-14,1.731732
01-10-14,3.26286
01-10-14,1.377811
01-10-14,-5.015967
01-10-14,-3.633779
01-10-14,-1.455136
01-10-14,-1.210307
01-10-14,2.525131
01-10-14,-0.01432
01-10-14,2.162375
01-10-14,-2.089666
01-10-14,-2.177888
01-10-14,-1.290157
01-10-14,0.565017
01-10-14,-0.478288
01-10-14,-0.623546
01-10-14,-0.617211
01-10-14,-0.286351
01-10-14,0.512293
01-10-14,0.339275
01-10-14,0.504722
01-10-14,0.948438
01-10-14,-0.295087
01-10-14,-0.70273
01-10-14,1.056133
01-10-14,0.965223
01-10-14,0.937926
01-10-14,-0.113567
01-10-14,-0.573501
01-10-14,0.39625
01-10-14,0.612991
01-10-14,-0.275678
01-10-14,-0.516643
01-10-14,2.359252
01-10-14,-0.911405
01-10-14,-0.595294
01-10-14,-0.900355
01-10-14,1.257428
01-10-14,1.666661
01-10-14,0.00645
01-10-14,-0.363592
01-10-14,-2.721633
01-10-14,-0.534507
01-10-14,0.231951
01-10-14,-0.402202
01-10-14,0.416075
01-10-14,-0.060838
01-10-14,-0.252023
01-10-14,0.180803
01-10-14,0.263301
01-10-14,1.019002
01-10-14,-0.280736
01-10-14,-0.215458
01-10-14,-0.331899
01-10-14,0.160644
01-10-14,-1.019658
01-10-14,-1.423688
01-10-14,0.55627
01-10-14,-0.17559
01-10-14,-0.952604
01-10-14,1.376872
01-10-14,-1.163515
01-10-14,1.157994
01-10-14,-1.393077
01-10-14,0.493672
01-10-14,1.548347
02-10-14,0.827756
02-10-14,-0.374035
02-10-14,0.819294
02-10-14,-1.465549
02-10-14,-0.401218
02-10-14,-1.60107
02-10-14,1.841068
02-10-14,0.15101
02-10-14,1.513158
02-10-14,-0.579501
02-10-14,-1.273264
02-10-14,-2.147636
02-10-14,0.552133
02-10-14,0.280787
02-10-14,1.2139
02-10-14,0.389555
02-10-14,0.41977
02-10-14,-1.314785
02-10-14,-0.423828
02-10-14,-0.239743
02-10-14,0.872347
02-10-14,-0.512643
02-10-14,1.337644
02-10-14,-1.193063
02-10-14,0.481867
02-10-14,-0.553826
02-10-14,1.410558
02-10-14,0.62879
02-10-14,0.836996
02-10-14,-0.263752
02-10-14,0.073898
02-10-14,0.041612
02-10-14,-0.463104
02-10-14,0.873453
02-10-14,0.31009
02-10-14,1.130246
02-10-14,0.84309
02-10-14,-1.682874
02-10-14,-0.336756
02-10-14,2.551944
02-10-14,-0.634016
02-10-14,-0.055091
02-10-14,-2.491838
02-10-14,0.103604
02-10-14,1.667059
02-10-14,0.372957
02-10-14,-0.128895
02-10-14,-2.874673
02-10-14,-2.000646
02-10-14,0.367489
02-10-14,3.952636
02-10-14,3.772321
02-10-14,-1.019187
02-10-14,-0.625133
02-10-14,0.019756
02-10-14,-0.536999
02-10-14,1.865788
02-10-14,1.022734
02-10-14,0.969628
02-10-14,-2.62717
02-10-14,-0.111547
02-10-14,2.006782
02-10-14,-1.229462
02-10-14,0.517515
02-10-14,1.510038
02-10-14,1.55489
02-10-14,0.92038
02-10-14,0.342572
02-10-14,-3.042338
02-10-14,-6.297524
02-10-14,2.888567
02-10-14,2.219232
02-10-14,-0.507435
02-10-14,-0.454163
02-10-14,1.4347
02-10-14,-1.846347
02-10-14,1.725276
02-10-14,-0.576672
02-10-14,-0.984823
02-10-14,-2.350859
02-10-14,-1.019366
02-10-14,-0.918703
02-10-14,-1.255807
02-10-14,0.486484
02-10-14,0.035675
02-10-14,-0.966727
02-10-14,-0.609551
02-10-14,-1.155055
02-10-14,-0.618429
02-10-14,0.028317
02-10-14,0.042953
02-10-14,0.362396
02-10-14,1.182886
02-10-14,0.428408
02-10-14,0.70288
02-10-14,-0.410826
02-10-14,0.8389
02-10-14,-0.742768
02-10-14,-0.439229
02-10-14,1.628885
02-10-14,2.284049
02-10-14,-0.951904
02-10-14,-1.469709
02-10-14,1.430214
02-10-14,1.741353
02-10-14,-1.386168
02-10-14,-2.172501
02-10-14,1.478684
02-10-14,1.084946
02-10-14,-1.148072
02-10-14,-1.461849
02-10-14,-0.130399
02-10-14,1.137062
02-10-14,0.164722
02-10-14,-1.560036
02-10-14,0.119876
02-10-14,0.694772
02-10-14,0.730655
02-10-14,-0.455756
02-10-14,-0.026837
02-10-14,-1.003377
02-10-14,0.743702
02-10-14,1.288193
02-10-14,-1.181177
02-10-14,-1.396081
02-10-14,-0.17363
02-10-14,0.675717
02-10-14,0.355888
02-10-14,-0.657192
02-10-14,-0.063622
02-10-14,-1.088697
02-10-14,0.811671
02-10-14,0.527057
02-10-14,0.022423
02-10-14,-0.131613
02-10-14,-1.082181
02-10-14,1.620425
02-10-14,0.930546
02-10-14,-0.747851
02-10-14,-1.381485
03-10-14,0.185192
03-10-14,0.912688
03-10-14,-1.510076
03-10-14,-0.160561
03-10-14,-1.600966
03-10-14,0.403718
03-10-14,-0.202578
03-10-14,0.36737
03-10-14,0.322168
03-10-14,3.912972
03-10-14,-0.411411
03-10-14,-1.825279
03-10-14,-1.258105
03-10-14,-0.181323
03-10-14,0.424548
03-10-14,0.875925
03-10-14,0.340258
03-10-14,0.175264
03-10-14,-0.294155
03-10-14,-0.998301
03-10-14,-4.248827
03-10-14,0.686005
03-10-14,2.171672
03-10-14,2.460472
03-10-14,0.739137
03-10-14,0.746082
03-10-14,0.385522
03-10-14,0.112567
03-10-14,0.369902
03-10-14,-0.412181
03-10-14,3.000248
03-10-14,0.93871
03-10-14,-0.502183
03-10-14,-0.836832
03-10-14,-0.635701
03-10-14,0.094279
03-10-14,-3.153748
03-10-14,-2.178856
03-10-14,1.031497
03-10-14,1.107394
03-10-14,-1.434329
03-10-14,2.874822
03-10-14,2.330684
03-10-14,6.240383
03-10-14,-4.237037
03-10-14,0.723451
03-10-14,-1.562077
03-10-14,1.07908
03-10-14,-0.919119
03-10-14,-0.919154
03-10-14,-2.528465
03-10-14,-0.956139
03-10-14,1.653371
03-10-14,2.098411
03-10-14,6.006806
03-10-14,-1.560006
03-10-14,-1.374918
03-10-14,-0.657806
03-10-14,3.539077
03-10-14,-3.963484
03-10-14,-0.380975
03-10-14,0.680926
03-10-14,3.205177
03-10-14,-1.764112
03-10-14,-0.135783
03-10-14,1.920739
03-10-14,-1.465649
03-10-14,0.648512
03-10-14,-4.008487
03-10-14,-1.89605
03-10-14,0.822444
03-10-14,-2.800992
03-10-14,1.218639
03-10-14,-1.77026
03-10-14,3.531579
03-10-14,-1.225549
03-10-14,1.62478
03-10-14,-0.998729
03-10-14,-1.59763
03-10-14,-0.578079
03-10-14,-0.599728
03-10-14,-0.552305
03-10-14,0.480105
03-10-14,-0.904704
03-10-14,-0.770611
03-10-14,-0.007901
03-10-14,-0.328742
03-10-14,-1.467601
03-10-14,0.456276
03-10-14,-0.06316
03-10-14,1.156984
03-10-14,1.065567
03-10-14,-1.414537
03-10-14,-0.651495
03-10-14,-0.206936
03-10-14,0.695512
03-10-14,0.916312
03-10-14,0.606642
03-10-14,0.308093
03-10-14,-0.890172
03-10-14,0.961513
03-10-14,1.217607
03-10-14,-0.13988
03-10-14,0.242552
03-10-14,0.486496
03-10-14,-0.455549
03-10-14,-1.179226
03-10-14,-1.03517
03-10-14,-0.551341
03-10-14,1.565146
03-10-14,-0.124857
03-10-14,1.75069
03-10-14,-1.394782
03-10-14,-0.486143
03-10-14,-1.521184
03-10-14,0.474761
03-10-14,0.197735
03-10-14,1.025152
03-10-14,1.379124
03-10-14,-1.465319
03-10-14,-1.247322
03-10-14,0.402574
03-10-14,0.412525
03-10-14,0.720638
03-10-14,0.007153
03-10-14,-0.773619
03-10-14,0.940139
03-10-14,-2.168574
03-10-14,0.421709
03-10-14,-0.516537
03-10-14,-0.666014
03-10-14,0.064828
03-10-14,1.201905
03-10-14,-0.244493
03-10-14,0.048172
03-10-14,0.368701
03-10-14,0.781421
03-10-14,-0.432957
04-10-14,0.364089
04-10-14,0.307895
04-10-14,0.069676
04-10-14,-0.789462
04-10-14,-0.344745
04-10-14,-1.403424
04-10-14,-1.557946
04-10-14,0.233787
04-10-14,-0.066667
04-10-14,0.628913
04-10-14,-0.519651
04-10-14,1.143121
04-10-14,-0.323081
04-10-14,0.342145
04-10-14,-0.529384
04-10-14,0.788926
04-10-14,-0.238757
04-10-14,0.65222
04-10-14,-0.553682
04-10-14,0.009388
04-10-14,-0.212257
04-10-14,-0.101624
04-10-14,1.487027
04-10-14,0.732457
04-10-14,-1.011677
04-10-14,0.416686
04-10-14,0.536365
04-10-14,0.104042
04-10-14,0.760833
04-10-14,1.341099
04-10-14,0.034229
04-10-14,0.588753
04-10-14,0.587787
04-10-14,-0.827215
04-10-14,-0.208784
04-10-14,-0.259974
04-10-14,0.139203
04-10-14,0.896946
04-10-14,0.17845
04-10-14,-0.849807
04-10-14,1.535838
04-10-14,-1.585394
04-10-14,-0.334572
04-10-14,-2.31565
04-10-14,2.53445
04-10-14,2.203249
04-10-14,-2.350881
04-10-14,0.305092
04-10-14,1.71381
04-10-14,1.940705
04-10-14,-0.769774
04-10-14,-2.463941
04-10-14,0.246802
04-10-14,0.027878
04-10-14,-3.092192
04-10-14,1.552554
04-10-14,0.295716
04-10-14,6.512649
04-10-14,1.634068
04-10-14,-3.479597
04-10-14,1.056345
04-10-14,-0.830083
04-10-14,2.274803
04-10-14,0.566148
04-10-14,-0.58868
04-10-14,-0.395465
04-10-14,-0.026953
04-10-14,-2.914853
04-10-14,1.722853
04-10-14,-4.369844
04-10-14,-0.906146
04-10-14,2.875079
04-10-14,-1.38328
04-10-14,-2.621219
04-10-14,-1.697518
04-10-14,-0.483561
04-10-14,4.868715
04-10-14,-0.724963
04-10-14,-3.925642
04-10-14,0.558692
04-10-14,-0.486397
04-10-14,1.646562
04-10-14,1.096285
04-10-14,0.029322
04-10-14,1.694789
04-10-14,3.020871
04-10-14,-1.005068
04-10-14,-1.997457
04-10-14,-0.426813
04-10-14,-0.891239
04-10-14,-0.704796
04-10-14,-0.64676
04-10-14,0.6002
04-10-14,1.630913
04-10-14,1.369792
04-10-14,-0.779942
04-10-14,-0.896495
04-10-14,-0.27628
04-10-14,1.465018
04-10-14,0.590478
04-10-14,-0.938565
04-10-14,-1.16178
04-10-14,0.041595
04-10-14,-0.280433
04-10-14,1.287734
04-10-14,-0.491674
04-10-14,-0.857505
04-10-14,-1.32906
04-10-14,1.196781
04-10-14,-0.095843
04-10-14,0.7889
04-10-14,-1.192041
04-10-14,2.612076
04-10-14,-1.407515
04-10-14,-0.279807
04-10-14,-2.477948
04-10-14,0.912938
04-10-14,-0.170538
04-10-14,1.083103
04-10-14,-0.881106
04-10-14,1.028516
04-10-14,-0.421108
04-10-14,-0.148257
04-10-14,-0.692372
04-10-14,0.774845
04-10-14,0.001172
04-10-14,-0.279939
04-10-14,-0.603089
04-10-14,0.859018
04-10-14,1.012981
04-10-14,-0.290241
04-10-14,-0.377444
04-10-14,0.08151
04-10-14,0.170529
04-10-14,0.600399
04-10-14,0.511515
04-10-14,-1.180771
05-10-14,-1.368617
05-10-14,0.44604
05-10-14,1.17588
05-10-14,-0.989157
05-10-14,-2.902301
05-10-14,-0.206507
05-10-14,0.623056
05-10-14,1.930689
05-10-14,0.233158
05-10-14,0.874084
05-10-14,0.226875
05-10-14,0.215406
05-10-14,-0.460215
05-10-14,-1.127116
05-10-14,-0.134579
05-10-14,0.728997
05-10-14,-0.906377
05-10-14,-0.28872
05-10-14,-0.117864
05-10-14,0.173044
05-10-14,1.737919
05-10-14,1.069106
05-10-14,0.272126
05-10-14,0.271986
05-10-14,-0.320819
05-10-14,-4.066154
05-10-14,0.490254
05-10-14,2.398834
05-10-14,1.513572
05-10-14,-0.043807
05-10-14,0.193529
05-10-14,-0.762585
05-10-14,-0.842534
05-10-14,0.310756
05-10-14,-0.590318
05-10-14,0.597222
05-10-14,-0.882775
05-10-14,-0.303458
05-10-14,1.556741
05-10-14,1.052075
05-10-14,0.267125
05-10-14,-1.870781
05-10-14,-0.571764
05-10-14,-0.447094
05-10-14,1.244737
05-10-14,5.194969
05-10-14,-1.841855
05-10-14,-1.453099
05-10-14,-3.820889
05-10-14,2.053917
05-10-14,0.504781
05-10-14,-0.769487
05-10-14,0.730544
05-10-14,-0.684069
05-10-14,1.993199
05-10-14,3.765886
05-10-14,-0.265972
05-10-14,3.254874
05-10-14,-1.543195
05-10-14,-1.884303
05-10-14,-1.104998
05-10-14,3.582733
05-10-14,-3.407224
05-10-14,-3.641478
05-10-14,3.0772
05-10-14,2.008063
05-10-14,-0.380192
05-10-14,0.592047
05-10-14,-1.614018
05-10-14,-0.084086
05-10-14,0.511626
05-10-14,0.766861
05-10-14,0.331155
05-10-14,1.771135
05-10-14,-1.805249
05-10-14,-4.679764
05-10-14,-2.567
05-10-14,-3.010681
05-10-14,1.488142
05-10-14,4.135091
05-10-14,0.838576
05-10-14,1.209833
05-10-14,0.952782
05-10-14,-1.443849
05-10-14,-0.413156
05-10-14,1.382154
05-10-14,-0.291478
05-10-14,-1.818986
05-10-14,0.758693
05-10-14,1.715309
05-10-14,-2.620419
05-10-14,-0.548911
05-10-14,0.635484
05-10-14,1.474062
05-10-14,-0.460786
05-10-14,-2.736484
05-10-14,-0.819062
05-10-14,1.878787
05-10-14,2.429145
05-10-14,1.552073
05-10-14,-1.958617
05-10-14,-0.726419
05-10-14,-0.777059
05-10-14,0.421212
05-10-14,-0.955544
05-10-14,-0.312718
05-10-14,-0.305115
05-10-14,-0.77747
05-10-14,0.86074
05-10-14,-0.552733
05-10-14,-0.162462
05-10-14,-1.017205
05-10-14,1.892964
05-10-14,-2.288099
05-10-14,-0.488467
05-10-14,-0.485054
05-10-14,0.364653
05-10-14,1.389987
05-10-14,0.256693
05-10-14,1.917734
05-10-14,-0.262848
05-10-14,-0.837351
05-10-14,-1.194209
05-10-14,0.11476
05-10-14,0.535397
05-10-14,-0.72181
05-10-14,-2.341676
05-10-14,2.023965
05-10-14,-0.286474
05-10-14,-0.769154
05-10-14,0.450001
05-10-14,0.120994
05-10-14,2.768076
05-10-14,0.634845
06-10-14,-1.03337
06-10-14,-0.539181
06-10-14,-2.180524
06-10-14,1.142521
06-10-14,1.390245
06-10-14,0.064336
06-10-14,-1.931864
06-10-14,1.332924
06-10-14,0.932217
06-10-14,0.958382
06-10-14,-2.040358
06-10-14,-0.62468
06-10-14,1.092274
06-10-14,-0.890505
06-10-14,1.044919
06-10-14,0.302208
06-10-14,0.051063
06-10-14,-1.258678
06-10-14,-1.853972
06-10-14,1.028377
06-10-14,1.567368
06-10-14,1.226146
06-10-14,1.26875
06-10-14,0.374049
06-10-14,-1.91018
06-10-14,-0.200984
06-10-14,-1.105516
06-10-14,-0.301936
06-10-14,-1.357754
06-10-14,2.765967
06-10-14,2.119363
06-10-14,1.288354
06-10-14,-0.017225
06-10-14,-0.57533
06-10-14,2.761175
06-10-14,-2.089464
06-10-14,0.411788
06-10-14,-2.078263
06-10-14,0.492442
06-10-14,-0.645971
06-10-14,-0.950951
06-10-14,-1.375058
06-10-14,-0.317489
06-10-14,3.304873
06-10-14,2.474198
06-10-14,-0.764267
06-10-14,-1.447324
06-10-14,-0.922375
07-10-14,2.825811
07-10-14,0.926212
07-10-14,-0.267682
07-10-14,-4.036729
07-10-14,1.425657
07-10-14,3.620388
07-10-14,-1.659322
07-10-14,-1.332204
07-10-14,2.337571
07-10-14,-0.743818
07-10-14,1.334204
07-10-14,-0.837851
07-10-14,-0.37482
07-10-14,-1.310488
07-10-14,-2.310476
07-10-14,1.203748
07-10-14,1.797788
07-10-14,2.240036
07-10-14,-4.425936
07-10-14,-3.407162
07-10-14,1.189435
07-10-14,2.584823
07-10-14,1.975702
07-10-14,-0.983548
07-10-14,-0.507876
07-10-14,-0.531965
07-10-14,-0.193283
07-10-14,1.41902
07-10-14,0.714707
07-10-14,-2.467579
07-10-14,-2.313865
07-10-14,-0.008034
07-10-14,-0.707817
07-10-14,2.495329
07-10-14,-1.631465
07-10-14,-0.876598
07-10-14,-0.684866
07-10-14,-1.135434
07-10-14,-1.247362
07-10-14,-0.996936
07-10-14,0.644583
07-10-14,0.647084
07-10-14,-0.898119
07-10-14,-0.25974
07-10-14,0.525963
07-10-14,0.670198
07-10-14,0.152476
07-10-14,-0.528434
07-10-14,0.222313
07-10-14,0.370046
07-10-14,-0.900482
07-10-14,0.538005
07-10-14,0.683507
07-10-14,-0.131742
07-10-14,0.626537
07-10-14,2.042627
07-10-14,-1.520989
07-10-14,-0.603926
07-10-14,0.387085
07-10-14,0.425305
07-10-14,0.60934
07-10-14,-0.217589
07-10-14,0.516987
07-10-14,-0.392969
07-10-14,1.502036
07-10-14,-0.129822
07-10-14,-1.597204
07-10-14,-1.090595
07-10-14,-0.057256
07-10-14,0.431546
07-10-14,0.410973
07-10-14,-0.749086
07-10-14,-0.964491
07-10-14,1.263589
07-10-14,-0.33655
07-10-14,-0.753152
07-10-14,-0.030264
07-10-14,-0.089762
07-10-14,-0.195089
07-10-14,-0.263646
07-10-14,0.665986
07-10-14,1.583777
07-10-14,-1.219715
07-10-14,-1.482283
07-10-14,-0.033799
07-10-14,-0.54753
07-10-14,-0.50491
07-10-14,1.102868
07-10-14,1.721576
07-10-14,0.543118
07-10-14,-0.943149
07-10-14,0.662818
07-10-14,-0.771679
08-10-14,0.15207
08-10-14,0.634999
08-10-14,-0.168012
08-10-14,-1.506656
08-10-14,0.36769
08-10-14,0.986422
08-10-14,-0.215986
08-10-14,-1.722437
08-10-14,0.479262
08-10-14,0.926536
08-10-14,0.053378
08-10-14,-0.403728
08-10-14,-0.856044
08-10-14,-0.301628
08-10-14,-0.181584
08-10-14,-0.368181
08-10-14,0.758459
08-10-14,0.852572
08-10-14,0.152893
08-10-14,0.319539
08-10-14,0.677137
08-10-14,0.184473
08-10-14,0.627387
08-10-14,0.087683
08-10-14,0.121163
08-10-14,-0.846269
08-10-14,0.329679
08-10-14,1.648805
08-10-14,1.071698
08-10-14,0.60128
08-10-14,-0.776369
08-10-14,-0.348134
08-10-14,-0.981732
08-10-14,0.834167
08-10-14,0.29543
08-10-14,2.199848
08-10-14,-1.60579
08-10-14,0.689309
08-10-14,-1.731121
08-10-14,1.150795
08-10-14,-0.475302
08-10-14,-2.912094
08-10-14,-2.018819
08-10-14,2.713541
08-10-14,2.719841
08-10-14,-1.045202
08-10-14,0.754583
08-10-14,-0.411854
08-10-14,-2.10858
08-10-14,1.911902
08-10-14,0.674151
08-10-14,-1.566063
08-10-14,0.229967
08-10-14,3.910892
08-10-14,-1.427879
08-10-14,0.69937
08-10-14,0.906905
08-10-14,1.244766
08-10-14,0.435068
08-10-14,-1.147994
08-10-14,-2.461147
08-10-14,0.630869
08-10-14,1.230941
08-10-14,-0.229269
08-10-14,-3.340095
08-10-14,1.981756
08-10-14,0.398679
08-10-14,1.249423
08-10-14,0.074402
08-10-14,-2.360707
08-10-14,0.763472
08-10-14,1.679025
08-10-14,3.604662
08-10-14,-1.877838
08-10-14,-4.244202
08-10-14,0.053608
08-10-14,1.647724
08-10-14,0.223833
08-10-14,-0.095438
08-10-14,-1.702577
08-10-14,-1.68458
08-10-14,-1.065999
08-10-14,-1.255285
08-10-14,-1.714561
08-10-14,-0.50828
08-10-14,-0.467369
08-10-14,0.530109
08-10-14,-0.212753
08-10-14,0.327164
08-10-14,0.240626
08-10-14,0.381356
08-10-14,2.002334
08-10-14,-0.239843
08-10-14,-1.766818
08-10-14,-0.243611
08-10-14,-0.474292
08-10-14,1.244193
08-10-14,1.015176
08-10-14,-1.708281
08-10-14,0.951638
08-10-14,2.613401
08-10-14,-0.004474
08-10-14,-0.746699
08-10-14,0.27219
08-10-14,0.47468
08-10-14,-0.255627
08-10-14,0.767997
08-10-14,-1.576223
08-10-14,-0.306152
08-10-14,1.811178
08-10-14,-0.626545
08-10-14,0.846826
08-10-14,-2.18382
08-10-14,1.058042
08-10-14,2.597253
08-10-14,-1.146769
08-10-14,-0.604151
08-10-14,-0.912753
08-10-14,-0.800068
08-10-14,-0.086782
08-10-14,0.021267
08-10-14,-0.320101
08-10-14,-0.195494
08-10-14,-1.426638
08-10-14,0.551425
08-10-14,0.623432
08-10-14,-0.25892
08-10-14,-0.044184
08-10-14,-1.487711
08-10-14,-1.401588
08-10-14,-0.677002
08-10-14,0.929587
08-10-14,0.818912
08-10-14,1.123352
08-10-14,0.919816
08-10-14,1.00446
08-10-14,0.194113
08-10-14,-0.577053
09-10-14,0.489645
09-10-14,-1.351737
09-10-14,-0.915131
09-10-14,-0.566998
09-10-14,-0.182178
09-10-14,0.45858
09-10-14,0.51217
09-10-14,0.407083
09-10-14,0.570024
09-10-14,-0.853833
09-10-14,1.355091
09-10-14,0.421665
09-10-14,-2.047501
09-10-14,0.062766
09-10-14,-0.579811
09-10-14,0.123814
09-10-14,0.523023
09-10-14,0.730409
09-10-14,-0.275207
09-10-14,-1.836772
09-10-14,1.067369
09-10-14,1.280924
09-10-14,0.79532
09-10-14,-1.253271
09-10-14,0.048698
09-10-14,-0.212418
09-10-14,1.678775
09-10-14,1.382947
09-10-14,0.855939
09-10-14,0.176132
09-10-14,-0.955263
09-10-14,-0.273165
09-10-14,0.413814
09-10-14,1.79482
09-10-14,-1.106992
09-10-14,1.152274
09-10-14,-0.253161
09-10-14,0.851748
09-10-14,-0.999232
09-10-14,-0.472
09-10-14,0.178427
09-10-14,-0.300916
09-10-14,-3.056539
09-10-14,-1.495114
09-10-14,2.943528
09-10-14,-1.369389
09-10-14,-0.278068
09-10-14,2.979853
09-10-14,4.044812
09-10-14,-1.845054
09-10-14,0.127742
09-10-14,0.847842
09-10-14,-1.748378
09-10-14,2.355191
09-10-14,0.965859
09-10-14,-1.008238
09-10-14,0.292833
09-10-14,-3.707344
09-10-14,0.466133
09-10-14,1.346902
09-10-14,1.752016
09-10-14,-1.364113
09-10-14,-2.014698
09-10-14,-0.089436
09-10-14,1.723808
09-10-14,5.08368
09-10-14,-1.904616
09-10-14,-2.060657
09-10-14,0.850019
09-10-14,2.041596
09-10-14,-0.741345
09-10-14,-1.210525
09-10-14,-0.432229
09-10-14,-1.955202
09-10-14,-0.701346
09-10-14,0.573956
09-10-14,-1.144461
09-10-14,-0.969243
09-10-14,2.669718
09-10-14,-0.446004
09-10-14,0.472497
09-10-14,-0.992267
09-10-14,-1.816075
09-10-14,-1.305938
09-10-14,-0.062298
09-10-14,0.133498
09-10-14,-0.424688
09-10-14,-0.977331
09-10-14,-0.985399
09-10-14,-0.210746
09-10-14,-0.990045
09-10-14,1.402831
09-10-14,0.314616
09-10-14,0.466473
09-10-14,-0.692521
09-10-14,1.545136
09-10-14,-0.283375
09-10-14,-1.475778
09-10-14,0.284481
09-10-14,0.358718
09-10-14,2.884689
09-10-14,-0.151567
09-10-14,0.521164
09-10-14,0.473311
09-10-14,0.052577
09-10-14,0.099307
09-10-14,0.033546
09-10-14,-0.245264
09-10-14,-0.219278
09-10-14,-1.437866
09-10-14,-0.595976
09-10-14,0.851923
09-10-14,0.645731
09-10-14,1.073633
09-10-14,-2.004419
09-10-14,-0.671728
09-10-14,-1.588743
09-10-14,1.854751
09-10-14,-0.011586
09-10-14,-0.259457
09-10-14,-0.869696
09-10-14,-0.58154
09-10-14,0.62785
09-10-14,-0.293034
09-10-14,0.059023
09-10-14,0.028247
09-10-14,0.242951
09-10-14,-1.067836
09-10-14,-0.274197
09-10-14,0.057656
09-10-14,0.008242
09-10-14,0.473308
09-10-14,1.305505
09-10-14,-1.354527
09-10-14,-0.067227
09-10-14,-0.926425
09-10-14,0.269513
09-10-14,1.389686
09-10-14,-1.397926
09-10-14,-0.794217
10-10-14,0.017461
10-10-14,1.016119
10-10-14,0.196225
10-10-14,-0.156146
10-10-14,-0.442411
10-10-14,0.653386
10-10-14,-0.000243
10-10-14,0.887269
10-10-14,0.958109
10-10-14,-0.223463
10-10-14,-1.66508
10-10-14,-0.532387
10-10-14,-0.098965
10-10-14,0.244187
10-10-14,-0.400199
10-10-14,-0.336722
10-10-14,-0.084738
10-10-14,1.908488
10-10-14,0.305808
10-10-14,0.454832
10-10-14,-0.269699
10-10-14,0.747998
10-10-14,0.867027
10-10-14,0.007104
10-10-14,-0.202012
10-10-14,0.678716
10-10-14,-1.111266
10-10-14,0.419762
10-10-14,0.660167
10-10-14,-0.266515
10-10-14,0.280449
10-10-14,-0.232677
10-10-14,-0.096735
10-10-14,0.705492
10-10-14,1.501502
10-10-14,-0.174393
10-10-14,1.328299
10-10-14,0.383357
10-10-14,0.456581
10-10-14,-0.487382
10-10-14,-1.455533
10-10-14,0.90959
10-10-14,-3.109826
10-10-14,0.775859
10-10-14,0.444363
10-10-14,2.835404
10-10-14,-1.168913
10-10-14,-0.713187
10-10-14,-2.464584
10-10-14,0.18066
10-10-14,-1.644643
10-10-14,2.337986
10-10-14,5.033362
10-10-14,-0.871682
10-10-14,-3.293285
10-10-14,2.006457
10-10-14,3.491931
10-10-14,1.979176
10-10-14,-1.248144
10-10-14,-1.780833
10-10-14,-1.194795
10-10-14,-4.080235
10-10-14,0.080341
10-10-14,-1.750288
10-10-14,-0.663609
10-10-14,5.067797
10-10-14,2.650663
10-10-14,-0.946746
10-10-14,-4.42088
10-10-14,1.463271
10-10-14,-0.644102
10-10-14,4.751649
10-10-14,0.739694
10-10-14,-0.919468
10-10-14,-3.98268
10-10-14,0.739978
10-10-14,-3.824166
10-10-14,0.420151
10-10-14,2.160921
10-10-14,0.268488
10-10-14,0.117515
10-10-14,-2.378
10-10-14,0.232958
10-10-14,-0.761539
10-10-14,-1.404624
10-10-14,-0.25974
10-10-14,-0.408597
10-10-14,-0.448546
10-10-14,-0.45654
10-10-14,-0.590235
10-10-14,0.30862
10-10-14,-0.197478
10-10-14,1.859277
10-10-14,-0.088397
10-10-14,0.601263
10-10-14,-0.095455
10-10-14,-0.331126
10-10-14,0.103921
10-10-14,0.128075
10-10-14,1.369564
10-10-14,0.411262
10-10-14,-0.380725
10-10-14,1.176116
10-10-14,0.136534
10-10-14,-0.914084
10-10-14,-0.871329
10-10-14,0.864177
10-10-14,-0.468187
10-10-14,0.488116
10-10-14,0.641307
10-10-14,-0.160472
10-10-14,-0.728107
10-10-14,0.0024
10-10-14,-0.93618
10-10-14,0.241832
10-10-14,0.512954
10-10-14,-0.373142
10-10-14,-0.19018
10-10-14,0.384957
10-10-14,-0.697959
10-10-14,-0.221021
10-10-14,-0.46995
10-10-14,1.070895
10-10-14,1.009001
10-10-14,-0.092644
10-10-14,-1.264183
10-10-14,-1.138514
10-10-14,0.906396
10-10-14,-1.079545
10-10-14,-0.089951
10-10-14,-0.232516
10-10-14,0.126944
10-10-14,-0.944049
10-10-14,-0.266159
10-10-14,1.034057
10-10-14,0.481541
10-10-14,0.966944
10-10-14,0.661972
10-10-14,1.401562
11-10-14,-0.819223
11-10-14,-1.520848
11-10-14,-0.549393
11-10-14,0.442027
11-10-14,0.17113
11-10-14,-0.968289
11-10-14,-0.488927
11-10-14,-0.729606
11-10-14,0.276228
11-10-14,0.420941
11-10-14,0.515159
11-10-14,-0.084556
11-10-14,0.870148
11-10-14,-1.138222
11-10-14,-0.380855
11-10-14,0.397738
11-10-14,1.852319
11-10-14,-0.455323
11-10-14,-0.729546
11-10-14,1.142235
11-10-14,-0.221267
11-10-14,1.07387
11-10-14,-1.41089
11-10-14,0.258278
11-10-14,-0.12858
11-10-14,0.687709
11-10-14,0.168233
11-10-14,1.292605
11-10-14,-0.014702
11-10-14,0.423462
11-10-14,-0.818884
11-10-14,1.009932
11-10-14,0.032533
11-10-14,0.246292
11-10-14,0.824268
11-10-14,1.409114
11-10-14,0.166427
11-10-14,-2.079211
11-10-14,-1.3443
11-10-14,0.06273
11-10-14,1.061366
11-10-14,-3.152207
11-10-14,-2.416553
11-10-14,0.929638
11-10-14,4.911714
11-10-14,1.379069
11-10-14,-2.285241
11-10-14,1.542671
11-10-14,-0.455292
11-10-14,2.905811
11-10-14,-1.560382
11-10-14,1.49921
11-10-14,-4.344776
11-10-14,3.238382
11-10-14,-1.621763
11-10-14,2.027061
11-10-14,-0.575017
11-10-14,1.166705
11-10-14,1.461803
11-10-14,1.439193
11-10-14,-6.923541
11-10-14,-0.644141
11-10-14,1.432879
11-10-14,3.933497
11-10-14,-0.894974
11-10-14,-2.34705
11-10-14,-3.056081
11-10-14,-0.520376
11-10-14,4.658583
11-10-14,1.097964
11-10-14,3.396805
11-10-14,-2.751139
11-10-14,-3.51065
11-10-14,1.703586
11-10-14,-0.612263
11-10-14,-2.451724
11-10-14,1.830645
11-10-14,-1.660206
11-10-14,1.527311
11-10-14,-1.489031
11-10-14,-1.207323
11-10-14,-1.156242
11-10-14,1.030672
11-10-14,1.027832
11-10-14,3.713706
11-10-14,-0.016961
11-10-14,-0.077055
11-10-14,-1.401464
11-10-14,0.512153
11-10-14,-0.982081
11-10-14,-0.297996
11-10-14,-0.909131
11-10-14,-1.204013
11-10-14,0.228072
11-10-14,0.453116
11-10-14,0.720533
11-10-14,0.738744
11-10-14,-2.257412
11-10-14,2.028723
11-10-14,-0.564251
11-10-14,1.68716
11-10-14,-0.365052
11-10-14,2.19932
11-10-14,-0.473315
11-10-14,-2.179422
11-10-14,-1.316172
11-10-14,-0.193956
11-10-14,-0.54948
11-10-14,0.796399
11-10-14,2.352575
11-10-14,-0.106901
11-10-14,-0.850527
11-10-14,-1.550827
11-10-14,0.517519
11-10-14,0.753186
11-10-14,0.377639
11-10-14,-0.48742
11-10-14,-1.005324
11-10-14,-0.398177
11-10-14,-0.301959
11-10-14,0.952469
11-10-14,1.328894
11-10-14,-0.063062
11-10-14,1.600721
11-10-14,-0.580864
11-10-14,-0.33315
11-10-14,-1.248724
11-10-14,-2.323889
11-10-14,-0.662504
11-10-14,1.524987
11-10-14,0.660232
11-10-14,0.079153
11-10-14,-1.341612
11-10-14,0.645263
11-10-14,0.353875
11-10-14,0.815074
11-10-14,-1.592305
11-10-14,-0.303249
12-10-14,-1.561776
12-10-14,0.06579
12-10-14,0.527684
12-10-14,-0.246446
12-10-14,-0.317407
12-10-14,1.186361
12-10-14,0.100477
12-10-14,1.549251
12-10-14,-0.328924
12-10-14,1.126847
12-10-14,0.238127
12-10-14,-1.782964
12-10-14,0.701493
12-10-14,-1.239373
12-10-14,-0.982619
12-10-14,0.592691
12-10-14,-0.2928
12-10-14,0.593398
12-10-14,-0.144997
12-10-14,-1.635537
12-10-14,1.764493
12-10-14,1.129536
12-10-14,0.351003
12-10-14,-0.528566
12-10-14,-0.109684
12-10-14,-0.550228
12-10-14,1.7655
12-10-14,0.47469
12-10-14,-0.615993
12-10-14,-0.364942
12-10-14,0.710266
12-10-14,-0.057047
12-10-14,-1.150725
12-10-14,-2.314019
12-10-14,2.316933
12-10-14,0.992626
12-10-14,1.366436
12-10-14,0.735483
12-10-14,-0.882529
12-10-14,3.658569
12-10-14,-1.441194
12-10-14,-1.237594
12-10-14,-2.4133
12-10-14,-2.324918
12-10-14,1.906293
12-10-14,-1.138293
12-10-14,2.249785
12-10-14,-0.076635
12-10-14,-2.434501
12-10-14,2.341202
12-10-14,1.390303
12-10-14,6.796621
12-10-14,-0.873213
12-10-14,-2.183267
12-10-14,0.615658
12-10-14,1.940429
12-10-14,1.333693
12-10-14,-1.488793
12-10-14,-3.701448
12-10-14,2.073406
12-10-14,3.321647
12-10-14,-1.703637
12-10-14,-4.358991
12-10-14,-1.119523
12-10-14,-1.441065
12-10-14,3.040775
12-10-14,-0.911675
12-10-14,0.460356
12-10-14,-0.956206
12-10-14,-1.896233
12-10-14,2.130082
12-10-14,2.09398
12-10-14,0.270956
12-10-14,-5.435608
12-10-14,0.937682
12-10-14,-2.135669
12-10-14,0.67145
12-10-14,-0.583471
12-10-14,0.148845
12-10-14,2.861738
12-10-14,1.096034
12-10-14,0.544529
12-10-14,-0.33353
12-10-14,-1.919968
12-10-14,3.39987
12-10-14,-0.776758
12-10-14,-0.540366
12-10-14,-0.231437
12-10-14,-0.060868
12-10-14,-0.714319
12-10-14,-1.22343
12-10-14,-1.410385
12-10-14,0.781943
12-10-14,0.444552
12-10-14,2.110486
12-10-14,0.028876
12-10-14,-0.348598
12-10-14,-2.474915
12-10-14,-1.103105
12-10-14,0.328083
12-10-14,2.107709
12-10-14,-0.095442
12-10-14,0.22634
12-10-14,-0.009318
12-10-14,1.123983
12-10-14,0.407056
12-10-14,-2.08833
12-10-14,-1.114848
12-10-14,-1.881021
12-10-14,1.959322
12-10-14,0.612413
12-10-14,-0.641571
12-10-14,-1.669756
12-10-14,0.171298
12-10-14,1.05968
12-10-14,-0.279631
12-10-14,-1.907638
12-10-14,0.55855
12-10-14,1.596204
12-10-14,0.405631
12-10-14,-2.697968
12-10-14,0.589809
12-10-14,1.61064
12-10-14,0.404115
12-10-14,-0.196045
12-10-14,-2.371451
12-10-14,0.76422
12-10-14,0.872857
12-10-14,-0.481669
12-10-14,1.9863
12-10-14,-0.214654
12-10-14,-0.667936
12-10-14,1.796325
13-10-14,-0.855596
13-10-14,-1.970907
13-10-14,-0.177065
13-10-14,0.731875
13-10-14,-1.153927
13-10-14,0.137211
13-10-14,-0.38322
13-10-14,2.003461
13-10-14,0.198539
13-10-14,2.134001
13-10-14,-2.532234
13-10-14,-0.58806
13-10-14,-0.360437
13-10-14,-1.237101
13-10-14,0.943286
13-10-14,-0.109246
13-10-14,-0.766414
13-10-14,0.747251
13-10-14,-0.398754
13-10-14,3.08559
13-10-14,0.990732
13-10-14,-0.359374
13-10-14,-0.176886
13-10-14,0.6418
13-10-14,-0.963587
13-10-14,-0.79925
13-10-14,-0.688947
13-10-14,0.759404
13-10-14,-0.96143
13-10-14,0.448982
13-10-14,1.001973
13-10-14,1.76285
13-10-14,0.757303
13-10-14,1.992087
13-10-14,-3.549281
13-10-14,0.961745
13-10-14,0.089928
13-10-14,1.380146
13-10-14,0.720225
13-10-14,0.521111
13-10-14,-2.470491
13-10-14,0.529575
13-10-14,0.343118
13-10-14,-1.064362
13-10-14,1.54133
13-10-14,-4.401586
13-10-14,-0.20075
13-10-14,0.849054
13-10-14,3.674221
13-10-14,0.041912
13-10-14,-2.052353
13-10-14,1.823969
13-10-14,5.45664
13-10-14,0.292448
13-10-14,-0.649679
13-10-14,-4.003183
13-10-14,-1.248182
13-10-14,-1.375284
13-10-14,-1.044009
13-10-14,1.346867
13-10-14,2.662923
13-10-14,0.6391
13-10-14,0.227445
13-10-14,-0.669356
13-10-14,0.87697
13-10-14,-4.426233
13-10-14,-2.714713
13-10-14,0.387514
13-10-14,2.280743
13-10-14,2.858576
13-10-14,-4.167558
13-10-14,-0.369606
13-10-14,5.315439
13-10-14,1.97694
13-10-14,0.777366
13-10-14,-3.915697
13-10-14,1.037097
13-10-14,-3.41691
13-10-14,0.46343
13-10-14,-1.624007
13-10-14,-1.890271
13-10-14,-0.61028
13-10-14,0.833373
13-10-14,2.371786
13-10-14,-0.192392
13-10-14,-0.124752
13-10-14,0.220292
13-10-14,-1.96728
13-10-14,-0.495935
13-10-14,0.173237
13-10-14,-0.004521
13-10-14,-0.737876
13-10-14,0.446381
13-10-14,-0.382096
13-10-14,-2.08158
13-10-14,-0.117529
13-10-14,1.491271
13-10-14,1.41986
13-10-14,-1.82186
13-10-14,0.689618
13-10-14,1.541475
13-10-14,0.176361
13-10-14,-0.834488
13-10-14,-0.971644
13-10-14,0.947391
13-10-14,0.080529
13-10-14,1.642874
13-10-14,1.906958
13-10-14,-0.640491
13-10-14,-2.428815
13-10-14,-2.776383
13-10-14,0.788745
13-10-14,0.920851
13-10-14,1.817566
13-10-14,-1.531072
13-10-14,0.619788
13-10-14,1.548594
13-10-14,-1.268608
13-10-14,-0.035655
13-10-14,1.869755
13-10-14,-1.414894
13-10-14,0.822988
13-10-14,-0.584788
13-10-14,-0.977056
13-10-14,0.725284
13-10-14,-1.284582
13-10-14,0.567567
13-10-14,0.724405
13-10-14,-1.22918
13-10-14,0.638902
13-10-14,1.185098
13-10-14,-1.568785
13-10-14,-2.006648
13-10-14,0.372734
13-10-14,0.311344
13-10-14,0.498345
13-10-14,-0.439251
13-10-14,1.457682
13-10-14,-0.295013
13-10-14,-1.121405
14-10-14,0.349812
14-10-14,0.552898
14-10-14,0.647107
14-10-14,-1.556546
14-10-14,0.650094
14-10-14,0.372816
14-10-14,-1.51073
14-10-14,-0.35591
14-10-14,0.286836
14-10-14,0.798339
14-10-14,-0.701328
14-10-14,0.065465
14-10-14,0.06454
14-10-14,-0.136627
14-10-14,1.342463
14-10-14,-1.287178
14-10-14,-1.124114
14-10-14,-0.381562
14-10-14,2.015579
14-10-14,-1.653922
14-10-14,0.396965
14-10-14,1.174282
14-10-14,0.135129
14-10-14,0.625275
14-10-14,0.553626
14-10-14,0.419809
14-10-14,-1.01365
14-10-14,1.138177
14-10-14,-0.158548
14-10-14,0.290207
14-10-14,-0.488763
14-10-14,-0.954095
14-10-14,0.443783
14-10-14,2.618977
14-10-14,0.939403
14-10-14,1.666362
14-10-14,-1.876362
14-10-14,0.236404
14-10-14,-0.361545
14-10-14,-0.700331
14-10-14,-0.588715
14-10-14,2.461903
14-10-14,-2.491465
14-10-14,-3.498893
14-10-14,-2.024524
14-10-14,3.210361
14-10-14,0.562637
14-10-14,1.94543
14-10-14,2.24264
14-10-14,-2.564312
14-10-14,0.209878
14-10-14,-0.289681
14-10-14,0.375714
14-10-14,0.68894
14-10-14,0.270413
14-10-14,-0.238904
14-10-14,1.063892
14-10-14,-2.483516
14-10-14,-1.006843
14-10-14,3.613539
14-10-14,-0.506812
14-10-14,-1.391843
14-10-14,1.455118
14-10-14,-0.584321
14-10-14,0.784053
14-10-14,1.755701
14-10-14,-0.184714
14-10-14,-1.753719
14-10-14,-3.206521
14-10-14,4.516382
14-10-14,-3.89612
14-10-14,3.119143
14-10-14,-0.05762
14-10-14,-0.75279
14-10-14,4.759745
14-10-14,0.272475
14-10-14,-0.748378
14-10-14,-2.892
14-10-14,-1.36388
14-10-14,-0.751588
14-10-14,1.68548
14-10-14,-0.848744
14-10-14,-1.994337
14-10-14,-1.541718
14-10-14,-0.662732
14-10-14,0.010228
14-10-14,-0.612092
14-10-14,-0.981282
14-10-14,0.385075
14-10-14,-1.313451
14-10-14,0.374856
14-10-14,0.079205
14-10-14,1.015356
14-10-14,0.079537
14-10-14,-1.344937
14-10-14,-0.001781
14-10-14,1.270174
14-10-14,0.362909
14-10-14,0.532278
14-10-14,1.049086
14-10-14,0.494198
14-10-14,-0.400294
14-10-14,0.512169
14-10-14,-1.251517
14-10-14,1.185236
14-10-14,0.373073
14-10-14,1.374311
14-10-14,0.677099
14-10-14,-1.269988
14-10-14,-1.519673
14-10-14,0.299466
14-10-14,0.122427
14-10-14,-1.262879
14-10-14,0.964622
14-10-14,0.104652
14-10-14,0.673592
14-10-14,-0.670361
14-10-14,-0.955582
14-10-14,0.984473
14-10-14,2.416326
14-10-14,-2.173747
14-10-14,-0.898536
14-10-14,-1.577048
14-10-14,0.802946
14-10-14,-0.325361
14-10-14,0.556285
14-10-14,0.300145
14-10-14,-0.774261
14-10-14,0.169725
14-10-14,-0.144198
14-10-14,-0.788002
14-10-14,-0.864801
14-10-14,-0.557191
14-10-14,-0.407761
14-10-14,0.461163
14-10-14,2.161275
14-10-14,0.091956
14-10-14,0.284276
14-10-14,-1.070164
14-10-14,-0.105297
15-10-14,-1.457955
15-10-14,0.388774
15-10-14,3.765837
15-10-14,-1.473382
15-10-14,-1.731726
15-10-14,-1.227524
15-10-14,0.715129
15-10-14,0.462193
15-10-14,0.653251
15-10-14,-0.731257
15-10-14,1.264084
15-10-14,0.147295
15-10-14,0.213629
15-10-14,-1.410843
15-10-14,-0.141006
15-10-14,-0.1576
15-10-14,0.865661
15-10-14,-0.204823
15-10-14,0.16578
15-10-14,1.155273
15-10-14,0.459329
15-10-14,-0.705004
15-10-14,0.57243
15-10-14,-0.35455
15-10-14,-0.366293
15-10-14,0.102585
15-10-14,0.461728
15-10-14,-0.168014
15-10-14,2.067703
15-10-14,-0.006798
15-10-14,0.426898
15-10-14,-2.636253
15-10-14,1.192809
15-10-14,-0.105529
15-10-14,0.826265
15-10-14,-0.968467
15-10-14,0.544898
15-10-14,0.533247
15-10-14,2.59162
15-10-14,0.210956
15-10-14,-2.211807
15-10-14,-1.918323
15-10-14,2.099516
15-10-14,1.807481
15-10-14,0.860647
15-10-14,-0.051905
15-10-14,0.321289
15-10-14,0.553675
15-10-14,-1.222972
15-10-14,0.822281
15-10-14,1.799063
15-10-14,-0.899578
15-10-14,-4.032611
15-10-14,-0.207019
15-10-14,3.149071
15-10-14,0.25905
15-10-14,-1.108784
15-10-14,-3.119174
15-10-14,2.170443
15-10-14,3.037475
15-10-14,-0.136398
15-10-14,-2.690867
15-10-14,-0.876253
15-10-14,-0.193373
15-10-14,2.412701
15-10-14,4.312802
15-10-14,1.690634
15-10-14,0.779398
15-10-14,-3.036789
15-10-14,-2.568707
15-10-14,0.691141
15-10-14,-0.917466
15-10-14,3.749833
15-10-14,-1.05267
15-10-14,-1.892764
15-10-14,1.227833
15-10-14,1.054863
15-10-14,-0.863296
15-10-14,-1.661789
15-10-14,-3.070024
15-10-14,0.034288
15-10-14,0.340117
15-10-14,-1.065478
15-10-14,-0.578977
15-10-14,-2.1813
15-10-14,-0.419899
15-10-14,-0.068792
15-10-14,-0.566709
15-10-14,-0.48819
15-10-14,0.714965
15-10-14,-0.553264
15-10-14,0.098281
15-10-14,-1.181242
15-10-14,0.20015
15-10-14,-0.084391
15-10-14,0.092065
15-10-14,0.620928
15-10-14,0.097734
15-10-14,1.8879
15-10-14,-0.122565
15-10-14,-1.945034
15-10-14,0.196461
15-10-14,-0.37374
15-10-14,1.092206
15-10-14,-1.071349
15-10-14,1.703041
15-10-14,-0.988911
15-10-14,1.417
15-10-14,-0.334429
15-10-14,1.599611
15-10-14,-0.37307
15-10-14,0.820265
15-10-14,-1.192191
15-10-14,-1.530573
15-10-14,0.633307
15-10-14,2.259791
15-10-14,1.250593
15-10-14,-1.389249
15-10-14,-1.325733
15-10-14,-0.630379
15-10-14,-0.213198
15-10-14,-0.667008
15-10-14,0.118833
15-10-14,0.534495
15-10-14,-0.302549
15-10-14,-0.432676
15-10-14,-0.417269
15-10-14,-0.50376
15-10-14,1.198812
15-10-14,-0.423929
15-10-14,1.042563
15-10-14,-0.335754
15-10-14,-0.135402
15-10-14,-0.908386
15-10-14,-1.384134
15-10-14,0.798324
15-10-14,-0.63015
15-10-14,-0.864721
15-10-14,0.897576
15-10-14,-0.0667
15-10-14,1.27347
15-10-14,0.611546
16-10-14,0.763582
16-10-14,-0.188581
16-10-14,-1.3241
16-10-14,0.951727
16-10-14,-1.688184
16-10-14,0.730967
16-10-14,-0.134539
16-10-14,0.508167
16-10-14,-0.274115
16-10-14,-0.431738
16-10-14,0.03656
16-10-14,-0.441193
16-10-14,-1.190497
16-10-14,0.44848
16-10-14,1.429053
16-10-14,-0.918822
16-10-14,-0.891263
16-10-14,1.383023
16-10-14,1.806287
16-10-14,-0.184955
16-10-14,0.622847
16-10-14,-1.54336
16-10-14,-0.306148
16-10-14,0.749999
16-10-14,0.299551
16-10-14,0.184193
16-10-14,0.146065
16-10-14,1.314081
16-10-14,0.711671
16-10-14,1.302581
16-10-14,-1.111521
16-10-14,-1.295924
16-10-14,0.698656
16-10-14,0.317358
16-10-14,-1.33873
16-10-14,1.303477
16-10-14,0.324107
16-10-14,-0.47304
16-10-14,1.044092
16-10-14,0.11399
16-10-14,0.944449
16-10-14,1.630848
16-10-14,-2.622457
16-10-14,-4.026809
16-10-14,2.517927
16-10-14,1.403718
16-10-14,2.953304
16-10-14,-2.904316
16-10-14,-2.616654
16-10-14,-0.226968
16-10-14,1.545971
16-10-14,5.334947
16-10-14,-3.8388
16-10-14,-2.909951
16-10-14,0.845557
16-10-14,3.77696
16-10-14,2.597451
16-10-14,3.370026
16-10-14,-5.673163
16-10-14,0.912841
16-10-14,-0.954312
16-10-14,0.390955
16-10-14,1.135985
16-10-14,1.372788
16-10-14,-2.059539
16-10-14,3.236416
16-10-14,-2.232662
16-10-14,3.671027
16-10-14,-1.133632
16-10-14,-0.557822
16-10-14,-3.039043
16-10-14,-0.945584
16-10-14,3.231091
16-10-14,0.043396
16-10-14,-0.452791
16-10-14,-0.809502
16-10-14,-4.523553
16-10-14,0.532227
16-10-14,0.055061
16-10-14,-0.561689
16-10-14,0.062192
16-10-14,-0.059142
16-10-14,-0.499875
16-10-14,-0.52399
16-10-14,-0.671687
16-10-14,-2.299695
16-10-14,0.842379
16-10-14,-0.846878
16-10-14,-0.070243
16-10-14,-1.060237
16-10-14,-0.446563
16-10-14,0.238968
16-10-14,0.53831
16-10-14,1.571617
16-10-14,0.037305
16-10-14,0.677237
16-10-14,-0.011458
16-10-14,0.007801
16-10-14,-1.166027
16-10-14,0.129014
16-10-14,1.564537
16-10-14,0.553873
16-10-14,0.096214
16-10-14,-0.633097
16-10-14,-0.055062
16-10-14,-0.397407
16-10-14,1.120132
16-10-14,0.421724
16-10-14,-0.128529
16-10-14,-2.034499
16-10-14,1.600758
16-10-14,1.231034
16-10-14,-1.074849
16-10-14,-0.075667
16-10-14,-0.770898
16-10-14,-0.772608
16-10-14,-0.133305
16-10-14,-0.823237
16-10-14,-0.116234
16-10-14,2.758164
16-10-14,0.26927
16-10-14,-0.859341
16-10-14,0.239514
16-10-14,-0.091129
16-10-14,0.791089
16-10-14,-0.917088
16-10-14,0.121115
16-10-14,-0.793668
16-10-14,0.339916
16-10-14,-0.951767
16-10-14,0.094465
16-10-14,-0.553556
16-10-14,-0.149124
16-10-14,-0.55426
16-10-14,0.956692
16-10-14,0.506566
16-10-14,2.487458
16-10-14,-1.900377
16-10-14,-0.367923
16-10-14,-0.01088
17-10-14,-0.662303
17-10-14,0.10109
17-10-14,-1.259144
17-10-14,0.302258
17-10-14,0.144325
17-10-14,-0.871433
17-10-14,-0.783377
17-10-14,-0.325351
17-10-14,0.279584
17-10-14,1.109793
17-10-14,-0.158621
17-10-14,0.716382
17-10-14,-0.863466
17-10-14,0.051434
17-10-14,0.719819
17-10-14,0.669168
17-10-14,-0.455279
17-10-14,-0.694461
17-10-14,0.844551
17-10-14,1.252157
17-10-14,1.066054
17-10-14,-1.388609
17-10-14,-0.179884
17-10-14,0.79622
17-10-14,-0.190658
17-10-14,-0.044615
17-10-14,0.625289
17-10-14,0.75156
17-10-14,1.26823
17-10-14,-0.114328
17-10-14,0.012234
17-10-14,-2.135259
17-10-14,0.434813
17-10-14,1.585025
17-10-14,0.577433
17-10-14,-1.190651
17-10-14,0.882264
17-10-14,-1.362367
17-10-14,0.739041
17-10-14,1.57155
17-10-14,-1.099978
17-10-14,3.55574
17-10-14,-4.622416
17-10-14,-3.54531
17-10-14,3.098207
17-10-14,-0.514057
17-10-14,1.060772
17-10-14,-2.258653
18-10-14,2.747722
18-10-14,-0.061341
18-10-14,0.874497
18-10-14,-2.19265
18-10-14,0.834759
18-10-14,1.309599
18-10-14,0.301377
18-10-14,0.921827
18-10-14,-4.997769
18-10-14,5.423666
18-10-14,-2.126457
18-10-14,2.945525
18-10-14,-0.453931
18-10-14,1.537595
18-10-14,-1.5276
18-10-14,1.910418
18-10-14,-1.376665
18-10-14,0.804138
18-10-14,-0.584944
18-10-14,-5.45066
18-10-14,-1.719996
18-10-14,-0.640975
18-10-14,4.946123
18-10-14,2.44263
18-10-14,-1.069172
18-10-14,2.347162
18-10-14,-4.362522
18-10-14,0.245562
18-10-14,-1.39889
18-10-14,0.800476
18-10-14,-1.215215
18-10-14,2.510097
18-10-14,-1.815988
18-10-14,0.409971
18-10-14,0.458071
18-10-14,2.131767
18-10-14,3.077805
18-10-14,-1.868176
18-10-14,-3.440142
18-10-14,-0.357303
18-10-14,0.785356
18-10-14,-0.555191
18-10-14,-0.627263
18-10-14,0.037312
18-10-14,0.660104
18-10-14,0.996005
18-10-14,-0.713039
18-10-14,3.810344
18-10-14,-0.703045
18-10-14,-1.246024
18-10-14,-2.000985
18-10-14,1.535793
18-10-14,-2.036471
18-10-14,-1.097372
18-10-14,0.436815
18-10-14,1.894159
18-10-14,-0.408929
18-10-14,-1.165652
18-10-14,-0.891411
18-10-14,0.685678
18-10-14,-0.784455
18-10-14,-0.945898
18-10-14,2.089605
18-10-14,-0.238979
18-10-14,-0.761818
18-10-14,1.154582
18-10-14,-0.296506
18-10-14,-1.403912
18-10-14,0.206014
18-10-14,-0.055183
18-10-14,0.156753
18-10-14,-0.745774
18-10-14,0.288028
18-10-14,-1.26911
18-10-14,-0.028586
18-10-14,2.067603
18-10-14,1.906855
18-10-14,-0.497552
18-10-14,-0.175441
18-10-14,-0.687975
18-10-14,-0.627206
18-10-14,1.307711
18-10-14,-1.135661
18-10-14,0.930741
18-10-14,-1.410898
18-10-14,2.196378
18-10-14,-1.926716
18-10-14,-0.968449
19-10-14,-1.63288
19-10-14,0.21434
19-10-14,1.056493
19-10-14,2.628276
19-10-14,-0.563135
19-10-14,-0.026112
19-10-14,-0.691909
19-10-14,-0.645956
19-10-14,-0.204754
19-10-14,-0.336688
19-10-14,1.335788
19-10-14,0.132891
19-10-14,-0.145581
19-10-14,-0.350804
19-10-14,-0.21086
19-10-14,1.080092
19-10-14,1.43405
19-10-14,-1.299723
19-10-14,0.014315
19-10-14,-0.87658
19-10-14,0.663572
19-10-14,0.57345
19-10-14,-0.722703
19-10-14,-0.300429
19-10-14,0.158937
19-10-14,1.962357
19-10-14,-3.012473
19-10-14,-0.037066
19-10-14,-0.905991
19-10-14,3.172988
19-10-14,0.462321
19-10-14,0.036667
19-10-14,-1.162641
19-10-14,1.446816
19-10-14,-0.495553
19-10-14,0.492403
19-10-14,-0.898641
19-10-14,1.419049
19-10-14,2.291691
19-10-14,-2.285433
19-10-14,1.212331
19-10-14,0.532355
19-10-14,-1.627824
19-10-14,1.458346
19-10-14,-1.987572
19-10-14,-1.007241
19-10-14,-1.55137
19-10-14,6.168801
19-10-14,1.055086
19-10-14,-0.168934
19-10-14,0.723896
19-10-14,-1.913255
19-10-14,-0.173129
19-10-14,-2.103432
19-10-14,-4.105338
19-10-14,3.299315
19-10-14,-2.137528
19-10-14,3.416426
19-10-14,5.971127
19-10-14,-1.075432
19-10-14,-5.370195
19-10-14,0.461934
19-10-14,-2.67932
19-10-14,4.453281
19-10-14,-1.384951
19-10-14,1.198298
19-10-14,-0.432222
19-10-14,1.47769
19-10-14,-0.587854
19-10-14,2.523776
19-10-14,-0.340628
19-10-14,-2.159262
19-10-14,-0.877026
19-10-14,-3.599438
19-10-14,-4.268883
19-10-14,1.057714
19-10-14,3.544065
19-10-14,0.033086
19-10-14,-0.681069
19-10-14,-0.192833
19-10-14,3.58988
19-10-14,0.090163
19-10-14,1.682648
19-10-14,-3.069275
19-10-14,-0.734472
19-10-14,1.096141
19-10-14,-1.062986
19-10-14,-0.441655
19-10-14,-1.005446
19-10-14,0.336412
19-10-14,1.181497
19-10-14,0.301137
19-10-14,3.671892
19-10-14,-1.564101
19-10-14,0.565266
19-10-14,-1.133498
19-10-14,-1.601182
19-10-14,-0.373372
19-10-14,1.372955
19-10-14,-0.422209
19-10-14,0.717297
19-10-14,-0.131865
19-10-14,-0.888864
19-10-14,1.956226
19-10-14,-1.469765
19-10-14,-0.722532
19-10-14,-0.986241
19-10-14,1.102712
19-10-14,0.741559
19-10-14,-1.624123
19-10-14,-0.441594
19-10-14,-2.822344
19-10-14,2.891299
19-10-14,0.202276
19-10-14,1.557459
19-10-14,0.259363
19-10-14,-0.772146
19-10-14,-2.380932
19-10-14,-2.431349
19-10-14,0.314754
19-10-14,1.201969
19-10-14,-1.475916
19-10-14,0.021218
19-10-14,0.5457
19-10-14,1.851375
19-10-14,-0.541073
19-10-14,-0.130587
19-10-14,-0.237069
19-10-14,1.624609
19-10-14,-0.859914
19-10-14,-0.073507
20-10-14,1.528853
20-10-14,-1.152083
20-10-14,-1.901016
20-10-14,0.062634
20-10-14,1.645585
20-10-14,-0.434019
20-10-14,-0.542424
20-10-14,-0.930737
20-10-14,1.716486
20-10-14,1.246646
20-10-14,1.532217
20-10-14,-0.188679
20-10-14,-0.334006
20-10-14,-1.536667
20-10-14,-0.165692
20-10-14,-1.423995
20-10-14,1.957259
20-10-14,0.457398
20-10-14,0.698928
20-10-14,-1.017509
20-10-14,-0.738903
20-10-14,1.409338
20-10-14,1.181379
20-10-14,-0.906021
20-10-14,0.071262
20-10-14,-1.577963
20-10-14,0.718436
20-10-14,-0.840531
20-10-14,-0.252924
20-10-14,0.549004
20-10-14,-0.624921
20-10-14,0.473487
20-10-14,2.877737
20-10-14,-0.430764
20-10-14,1.291273
20-10-14,2.324475
20-10-14,-1.381802
20-10-14,-1.173807
20-10-14,-1.832204
20-10-14,0.097594
20-10-14,0.916874
20-10-14,-0.595748
20-10-14,1.147938
20-10-14,0.610535
20-10-14,0.387089
20-10-14,-0.339115
20-10-14,2.099009
20-10-14,-0.211793
20-10-14,1.126699
20-10-14,-1.86416
20-10-14,-0.09555
20-10-14,-0.322563
20-10-14,-3.252251
20-10-14,0.618477
20-10-14,1.075201
20-10-14,1.788767
20-10-14,0.007639
20-10-14,-1.271668
20-10-14,1.423137
20-10-14,3.697086
20-10-14,2.837251
20-10-14,-0.668802
20-10-14,-0.926653
20-10-14,-0.245375
20-10-14,-2.619019
20-10-14,0.038842
20-10-14,-4.897857
20-10-14,-0.70813
20-10-14,2.125054
20-10-14,0.228885
20-10-14,2.514375
20-10-14,-4.116766
20-10-14,-0.380662
20-10-14,0.042572
20-10-14,1.991867
20-10-14,1.005232
20-10-14,-0.6507
20-10-14,1.271978
20-10-14,-2.903765
20-10-14,0.233562
20-10-14,-1.410643
20-10-14,0.422931
20-10-14,-0.141369
20-10-14,-1.993237
20-10-14,-0.720309
20-10-14,-0.593532
20-10-14,-0.957161
20-10-14,-0.412191
20-10-14,-1.003633
20-10-14,0.001526
20-10-14,-0.620748
20-10-14,1.246354
20-10-14,0.319051
20-10-14,-0.523763
20-10-14,-0.047188
20-10-14,-0.447496
20-10-14,0.901716
20-10-14,-0.878076
20-10-14,-0.057832
20-10-14,0.662097
20-10-14,2.133421
20-10-14,1.078094
20-10-14,-0.141829
20-10-14,1.059748
20-10-14,-2.252879
20-10-14,-0.235389
20-10-14,1.241251
20-10-14,-0.522881
20-10-14,-0.336575
20-10-14,0.157589
20-10-14,-0.15117
20-10-14,0.149541
20-10-14,-0.707355
20-10-14,0.725776
20-10-14,0.047958
20-10-14,1.647953
20-10-14,-1.495653
20-10-14,-0.456389
20-10-14,0.818132
20-10-14,1.015036
20-10-14,0.776084
20-10-14,-1.597613
20-10-14,-1.6154
20-10-14,-1.422755
20-10-14,2.021145
20-10-14,-0.245956
20-10-14,3.781041
20-10-14,-0.241016
20-10-14,-0.451692
20-10-14,-1.279139
20-10-14,-2.236341
20-10-14,-1.092437
20-10-14,-0.606348
20-10-14,0.798618
20-10-14,-1.118601
20-10-14,-0.472342
20-10-14,-0.184725
20-10-14,0.702666
20-10-14,0.804141
20-10-14,0.788627
20-10-14,0.864532
21-10-14,0.127996
21-10-14,-1.291559
21-10-14,-0.562696
21-10-14,-0.02294
21-10-14,0.151356
21-10-14,0.798952
21-10-14,-0.145787
21-10-14,-0.503571
21-10-14,-0.420292
21-10-14,-0.058062
21-10-14,1.034475
21-10-14,-0.715662
21-10-14,-0.032039
21-10-14,-0.692497
21-10-14,-0.425169
21-10-14,0.089252
21-10-14,0.127462
21-10-14,1.10676
21-10-14,-0.174596
21-10-14,3.109613
21-10-14,-1.041276
21-10-14,-1.552627
21-10-14,-1.989677
21-10-14,0.174025
21-10-14,1.328937
21-10-14,0.167354
21-10-14,0.451968
21-10-14,0.531223
21-10-14,1.914153
21-10-14,0.07035
21-10-14,0.059195
21-10-14,0.096353
21-10-14,-0.124445
21-10-14,0.507863
21-10-14,1.393036
21-10-14,0.162685
21-10-14,-0.801254
21-10-14,0.688753
21-10-14,0.569044
21-10-14,-0.130658
21-10-14,-1.264217
21-10-14,-3.200677
21-10-14,-1.275376
21-10-14,-1.492399
21-10-14,3.561147
21-10-14,-0.733696
21-10-14,2.12045
21-10-14,2.572112
21-10-14,-0.851142
21-10-14,0.468698
21-10-14,0.411839
21-10-14,-0.230139
21-10-14,1.829621
21-10-14,0.58192
21-10-14,-0.467565
21-10-14,0.825698
21-10-14,-1.515848
21-10-14,2.777785
21-10-14,-1.240553
21-10-14,0.381811
21-10-14,0.743575
21-10-14,-0.339206
21-10-14,-1.409239
21-10-14,1.850813
21-10-14,-1.426021
21-10-14,2.806781
21-10-14,-4.332421
21-10-14,1.673995
21-10-14,-4.421281
21-10-14,2.374955
21-10-14,-2.327346
21-10-14,3.945105
21-10-14,1.153418
21-10-14,1.013202
21-10-14,0.075814
21-10-14,-3.428082
21-10-14,0.438717
21-10-14,-0.34126
21-10-14,0.063507
21-10-14,-1.790834
21-10-14,0.397674
21-10-14,-0.451577
21-10-14,-1.274348
21-10-14,-0.242568
21-10-14,0.065025
21-10-14,-2.048218
21-10-14,-0.526695
21-10-14,-1.319721
21-10-14,-0.327194
21-10-14,-0.126802
21-10-14,0.16049
21-10-14,0.248905
21-10-14,-0.219361
21-10-14,0.221667
21-10-14,0.422266
21-10-14,0.363907
21-10-14,0.79552
21-10-14,-0.873819
21-10-14,0.236583
21-10-14,0.620447
21-10-14,-1.152318
21-10-14,0.745159
21-10-14,1.10333
21-10-14,0.761793
21-10-14,-0.32637
21-10-14,0.529556
21-10-14,-0.045311
21-10-14,-0.088618
21-10-14,-0.506054
21-10-14,-0.242974
21-10-14,0.055752
21-10-14,1.242967
21-10-14,-1.133397
21-10-14,-0.59846
21-10-14,-0.197027
21-10-14,0.211229
21-10-14,1.702261
21-10-14,0.498759
21-10-14,-0.568953
21-10-14,-0.676405
21-10-14,-0.346381
21-10-14,0.517037
21-10-14,-0.91842
21-10-14,-1.041419
21-10-14,-0.46767
21-10-14,1.876873
21-10-14,-0.30741
21-10-14,0.003848
21-10-14,-0.178383
21-10-14,-0.876107
21-10-14,0.34176
21-10-14,-2.607816
21-10-14,0.450907
21-10-14,-0.709392
21-10-14,1.767517
21-10-14,-0.16874
21-10-14,0.047815
21-10-14,1.458794
21-10-14,0.166023
21-10-14,1.283106
22-10-14,0.512016
22-10-14,-1.186188
22-10-14,-2.193328
22-10-14,-0.577019
22-10-14,0.620509
22-10-14,0.399851
22-10-14,0.326205
22-10-14,0.119029
22-10-14,-0.298581
22-10-14,0.395943
22-10-14,1.745471
22-10-14,-1.837227
22-10-14,0.025229
22-10-14,-1.926304
22-10-14,-0.867293
22-10-14,0.583531
22-10-14,2.213724
22-10-14,1.565276
22-10-14,-0.868437
22-10-14,0.614961
22-10-14,-0.747708
22-10-14,-0.668214
22-10-14,2.931869
22-10-14,-0.940491
22-10-14,-0.046727
22-10-14,-1.085941
22-10-14,-0.306459
22-10-14,0.796566
22-10-14,2.456032
22-10-14,0.541792
22-10-14,-0.382797
22-10-14,-0.477156
22-10-14,-0.796834
22-10-14,0.60083
22-10-14,-0.021296
22-10-14,0.133204
22-10-14,0.153779
22-10-14,-0.986568
22-10-14,1.354574
22-10-14,-0.887312
22-10-14,0.711999
22-10-14,1.208963
22-10-14,-0.95092
22-10-14,-0.400665
22-10-14,1.354447
22-10-14,-3.542562
22-10-14,3.054183
22-10-14,0.071256
22-10-14,0.698288
22-10-14,-0.333209
22-10-14,1.642657
22-10-14,0.008423
22-10-14,-0.585797
22-10-14,4.894647
22-10-14,-0.288631
22-10-14,-3.134682
22-10-14,2.55204
22-10-14,-3.869452
22-10-14,-0.168399
22-10-14,-1.268978
22-10-14,-1.98567
22-10-14,14.10055
22-10-14,-4.613758
22-10-14,-4.582201
22-10-14,-4.104109
22-10-14,4.284436
22-10-14,-0.850084
22-10-14,5.464406
22-10-14,-5.653336
22-10-14,-2.736622
22-10-14,-2.855968
22-10-14,2.434354
22-10-14,-0.421666
22-10-14,2.262541
22-10-14,1.208412
22-10-14,0.20789
22-10-14,1.906923
22-10-14,1.970203
22-10-14,-3.210992
22-10-14,-0.141858
22-10-14,-1.319693
22-10-14,-2.690284
22-10-14,-0.887782
22-10-14,-0.252249
22-10-14,1.044571
22-10-14,-2.108436
22-10-14,-1.280187
22-10-14,-0.96387
22-10-14,0.134564
22-10-14,-0.748481
22-10-14,-0.097318
22-10-14,-1.047636
22-10-14,0.865082
22-10-14,-0.122269
22-10-14,0.867463
22-10-14,-0.087244
22-10-14,0.428908
22-10-14,0.058243
22-10-14,0.552643
22-10-14,-0.711737
22-10-14,1.906558
22-10-14,1.331271
22-10-14,0.532842
22-10-14,-1.224916
22-10-14,-0.303155
22-10-14,0.448357
22-10-14,1.232577
22-10-14,0.171519
22-10-14,-1.255749
22-10-14,0.90881
22-10-14,1.05756
22-10-14,-1.981337
22-10-14,-0.543037
22-10-14,-0.23699
22-10-14,-0.650905
22-10-14,0.878954
22-10-14,0.495346
22-10-14,0.029956
22-10-14,-0.208563
22-10-14,0.241597
22-10-14,-1.928422
22-10-14,-0.258216
22-10-14,1.281611
22-10-14,0.180321
22-10-14,1.359943
22-10-14,1.134123
22-10-14,-1.064087
22-10-14,0.406037
22-10-14,-1.657661
22-10-14,-0.966683
22-10-14,-0.775363
22-10-14,-0.372637
22-10-14,0.666824
22-10-14,0.163596
22-10-14,0.231716
22-10-14,0.122411
22-10-14,0.266682
22-10-14,0.720311
22-10-14,-0.404798
22-10-14,0.953678
22-10-14,-0.597313
22-10-14,-1.195859
23-10-14,0.299234
23-10-14,1.266399
23-10-14,-0.533536
23-10-14,-1.578038
23-10-14,-0.130723
23-10-14,-0.332067
23-10-14,-0.51744
23-10-14,0.025013
23-10-14,0.00919
23-10-14,1.023806
23-10-14,-0.705036
23-10-14,-0.046177
23-10-14,0.245554
23-10-14,1.138193
23-10-14,-0.142105
23-10-14,0.255184
23-10-14,0.890251
23-10-14,-1.516509
23-10-14,-0.135955
23-10-14,0.676819
23-10-14,0.528514
23-10-14,0.612954
23-10-14,-0.408138
23-10-14,-0.453718
23-10-14,-0.414378
23-10-14,1.179884
23-10-14,-0.713594
23-10-14,1.144174
23-10-14,-0.308469
23-10-14,-0.655422
23-10-14,0.261688
23-10-14,-0.268677
23-10-14,1.534092
23-10-14,-0.469225
23-10-14,0.325658
23-10-14,0.595917
23-10-14,0.68793
23-10-14,0.658702
23-10-14,-0.050405
23-10-14,-0.071017
23-10-14,-0.843472
23-10-14,-2.326623
23-10-14,-1.809722
23-10-14,0.949303
23-10-14,0.437923
23-10-14,2.886019
23-10-14,1.730362
23-10-14,-0.244989
23-10-14,2.153609
23-10-14,-3.78298
23-10-14,-1.236025
23-10-14,-0.596553
23-10-14,2.78166
23-10-14,4.163063
23-10-14,-0.445679
23-10-14,-0.619754
23-10-14,-2.454671
23-10-14,-1.504837
23-10-14,-0.047882
23-10-14,2.465429
23-10-14,0.688095
23-10-14,-0.132152
23-10-14,0.334601
23-10-14,-0.706249
23-10-14,-2.747883
23-10-14,2.664728
23-10-14,5.061474
23-10-14,-0.517312
23-10-14,1.413896
23-10-14,-3.244962
23-10-14,-1.573993
23-10-14,-1.184285
23-10-14,0.276499
23-10-14,-0.486011
23-10-14,0.708333
23-10-14,-4.357723
23-10-14,2.027056
23-10-14,0.262489
23-10-14,1.959523
23-10-14,0.022989
23-10-14,-0.092699
23-10-14,-1.527152
23-10-14,-0.242952
23-10-14,-2.209328
23-10-14,-1.211944
23-10-14,-0.767555
23-10-14,0.198577
23-10-14,-0.645128
23-10-14,-0.862773
23-10-14,-0.69468
23-10-14,-0.452586
23-10-14,0.411483
23-10-14,1.085341
23-10-14,0.33825
23-10-14,1.28655
23-10-14,-1.719836
23-10-14,-0.292961
23-10-14,0.860871
23-10-14,0.156718
23-10-14,-0.036758
23-10-14,-0.090819
23-10-14,-0.129446
23-10-14,0.359647
23-10-14,1.177228
23-10-14,0.226692
23-10-14,1.67309
23-10-14,-1.038184
23-10-14,1.100181
23-10-14,0.200479
23-10-14,0.251891
23-10-14,-0.835278
23-10-14,0.065503
23-10-14,-2.160466
23-10-14,-0.065702
23-10-14,-0.164279
23-10-14,0.28333
23-10-14,1.026695
23-10-14,-0.747616
23-10-14,-0.247582
23-10-14,0.872874
23-10-14,-0.477281
23-10-14,-0.81441
23-10-14,0.175048
23-10-14,-0.179215
23-10-14,0.447587
23-10-14,-1.192139
23-10-14,0.301754
23-10-14,0.228489
23-10-14,-0.648028
23-10-14,1.290348
23-10-14,0.255158
23-10-14,-0.535982
23-10-14,-0.73947
23-10-14,0.648453
23-10-14,-2.055519
23-10-14,-0.382767
23-10-14,1.19304
23-10-14,0.314975
23-10-14,0.199948
23-10-14,0.450762
23-10-14,1.103593
24-10-14,-0.10646
24-10-14,-1.294373
24-10-14,-0.53245
24-10-14,0.148832
24-10-14,-0.819672
24-10-14,0.233777
24-10-14,-0.008558
24-10-14,0.298352
24-10-14,0.055849
24-10-14,0.158407
24-10-14,0.733806
24-10-14,0.102134
24-10-14,-0.754863
24-10-14,-2.423609
24-10-14,-0.406376
24-10-14,0.46948
24-10-14,8.389947
24-10-14,-1.423973
24-10-14,-2.146895
24-10-14,0.038056
24-10-14,-2.245883
24-10-14,-0.542044
24-10-14,1.030812
24-10-14,0.966181
24-10-14,1.598735
24-10-14,-1.088162
24-10-14,0.477386
24-10-14,0.82583
24-10-14,0.005754
24-10-14,-0.269621
24-10-14,-0.434539
24-10-14,-0.202046
24-10-14,1.081687
24-10-14,-0.357238
24-10-14,0.272621
24-10-14,-0.15696
24-10-14,1.279088
24-10-14,-2.350707
24-10-14,0.319651
24-10-14,-0.197316
24-10-14,1.421419
24-10-14,-0.830913
24-10-14,-0.364806
24-10-14,-1.34349
24-10-14,0.377553
24-10-14,3.049262
24-10-14,-0.009676
24-10-14,0.371399
24-10-14,-2.857394
24-10-14,2.621605
24-10-14,0.706898
24-10-14,1.188757
24-10-14,-0.219589
24-10-14,0.031294
24-10-14,1.477639
24-10-14,3.026441
24-10-14,-0.563479
24-10-14,-2.661602
24-10-14,-1.593177
24-10-14,1.996956
24-10-14,1.844857
24-10-14,-1.964352
24-10-14,-1.005262
24-10-14,3.377928
24-10-14,-0.185124
24-10-14,-2.613004
24-10-14,2.265961
24-10-14,-1.468421
24-10-14,0.699631
24-10-14,-0.195036
24-10-14,-3.33086
24-10-14,0.632914
24-10-14,0.904905
24-10-14,1.244084
24-10-14,-2.670708
24-10-14,2.848367
24-10-14,-6.622916
24-10-14,0.253775
24-10-14,1.380317
24-10-14,1.080938
24-10-14,0.833766
24-10-14,-0.330022
24-10-14,-0.746279
24-10-14,-1.913022
24-10-14,0.06896
24-10-14,-1.088664
24-10-14,-1.955876
24-10-14,-0.154191
24-10-14,-0.252607
24-10-14,0.936588
24-10-14,-0.316314
24-10-14,0.740382
24-10-14,-0.12206
24-10-14,-0.820413
24-10-14,-0.452802
24-10-14,1.202447
24-10-14,0.233177
24-10-14,-0.032669
24-10-14,-0.675264
24-10-14,0.268678
24-10-14,0.268101
24-10-14,3.400985
24-10-14,-0.008055
24-10-14,-0.753272
24-10-14,-0.326391
24-10-14,-2.097765
24-10-14,0.442987
24-10-14,-0.264542
24-10-14,1.4852
24-10-14,0.660806
24-10-14,-0.479772
24-10-14,-1.475229
24-10-14,0.857741
24-10-14,-0.229453
24-10-14,1.588897
24-10-14,-1.151765
24-10-14,-1.08769
24-10-14,-0.807346
24-10-14,1.623531
24-10-14,1.363102
24-10-14,0.025457
24-10-14,-0.509208
24-10-14,-0.488165
24-10-14,-0.615287
24-10-14,0.046439
24-10-14,0.43456
24-10-14,-0.125737
24-10-14,0.202585
24-10-14,-2.312842
24-10-14,-0.465242
24-10-14,-0.705084
24-10-14,0.907042
24-10-14,-0.431638
24-10-14,0.559745
24-10-14,-0.305148
24-10-14,0.798744
24-10-14,0.660482
24-10-14,0.162937
24-10-14,-0.607502
25-10-14,1.320581
25-10-14,-0.18141
25-10-14,0.495632
25-10-14,-1.340025
25-10-14,-0.885074
25-10-14,0.281551
25-10-14,2.262849
25-10-14,-1.052185
25-10-14,-0.918818
25-10-14,1.376347
25-10-14,1.258126
25-10-14,-2.020603
25-10-14,-0.356581
25-10-14,-0.181749
25-10-14,-2.181205
25-10-14,0.191365
25-10-14,0.015437
25-10-14,0.131487
25-10-14,2.096932
25-10-14,-1.003679
25-10-14,0.893855
25-10-14,0.934663
25-10-14,-0.645796
25-10-14,0.037533
25-10-14,0.119392
25-10-14,-0.016319
25-10-14,1.092078
25-10-14,0.026849
25-10-14,0.688436
25-10-14,-0.154591
25-10-14,0.277764
25-10-14,0.593916
25-10-14,1.275266
25-10-14,-0.181403
25-10-14,-1.107364
25-10-14,-0.530414
25-10-14,0.68563
25-10-14,1.03039
25-10-14,-0.168116
25-10-14,-1.35043
25-10-14,-0.670641
25-10-14,2.407705
25-10-14,-1.498929
25-10-14,3.064455
25-10-14,0.312452
25-10-14,0.541036
25-10-14,-3.644581
25-10-14,-1.528446
25-10-14,2.667054
25-10-14,3.935028
25-10-14,-1.813905
25-10-14,-0.394664
25-10-14,0.290684
25-10-14,-0.622185
25-10-14,-3.274758
25-10-14,2.038908
25-10-14,4.642376
25-10-14,-0.695238
25-10-14,1.932926
25-10-14,-4.784022
25-10-14,-2.85843
25-10-14,3.031063
25-10-14,1.093362
25-10-14,-5.566864
25-10-14,1.793843
25-10-14,6.658493
25-10-14,0.772206
25-10-14,0.398945
25-10-14,0.439634
25-10-14,-2.846266
25-10-14,-0.170689
25-10-14,-0.415953
25-10-14,0.215299
25-10-14,1.100266
25-10-14,-4.332269
25-10-14,-0.549685
25-10-14,-3.324881
25-10-14,-0.4265
25-10-14,-2.316017
25-10-14,-0.164591
25-10-14,1.840519
25-10-14,1.456083
25-10-14,2.574425
25-10-14,0.354393
25-10-14,0.727298
25-10-14,1.216862
25-10-14,0.455582
25-10-14,-1.688949
25-10-14,-1.597354
25-10-14,-1.951565
25-10-14,0.011321
25-10-14,-0.460683
25-10-14,1.759914
25-10-14,-1.112279
25-10-14,-0.222913
25-10-14,1.873688
25-10-14,-0.919465
25-10-14,1.045015
25-10-14,1.514411
25-10-14,0.712286
25-10-14,-2.783226
25-10-14,-0.721764
25-10-14,0.329179
25-10-14,0.143742
25-10-14,1.14503
25-10-14,-0.758246
25-10-14,-0.23466
25-10-14,2.062766
25-10-14,-1.284844
25-10-14,-0.023927
25-10-14,-1.046229
25-10-14,0.148208
25-10-14,-0.490014
25-10-14,1.60895
25-10-14,-1.038548
25-10-14,-0.292978
25-10-14,-0.30001
25-10-14,-0.934931
25-10-14,-1.213578
25-10-14,0.710841
25-10-14,1.184497
25-10-14,0.159375
25-10-14,-1.365652
25-10-14,0.094238
25-10-14,-0.460069
25-10-14,-0.837646
25-10-14,0.809558
25-10-14,1.692006
25-10-14,1.290574
25-10-14,-1.663245
25-10-14,-0.225421
25-10-14,-0.019556
25-10-14,0.153556
25-10-14,0.295982
25-10-14,0.013398
25-10-14,0.069349
26-10-14,0.580386
26-10-14,0.176715
26-10-14,-0.426874
26-10-14,0.15367
26-10-14,0.093491
26-10-14,-1.186966
26-10-14,-0.811359
26-10-14,-0.846688
26-10-14,1.142448
26-10-14,0.114911
26-10-14,1.602722
26-10-14,-1.115868
26-10-14,0.400439
26-10-14,-0.177491
26-10-14,0.229929
26-10-14,-0.499371
26-10-14,0.978292
26-10-14,-1.89517
26-10-14,0.905108
26-10-14,0.110048
26-10-14,0.130473
26-10-14,-1.550475
26-10-14,1.437438
26-10-14,2.018249
26-10-14,-0.926917
26-10-14,-0.411313
26-10-14,0.646754
26-10-14,-1.10133
26-10-14,3.770113
26-10-14,-0.777258
26-10-14,-1.419689
26-10-14,0.128344
26-10-14,-0.381486
26-10-14,-0.344447
26-10-14,0.810272
26-10-14,0.864291
26-10-14,-1.601471
26-10-14,0.760003
26-10-14,1.832472
26-10-14,0.529504
26-10-14,-0.862686
26-10-14,1.126568
26-10-14,1.575608
26-10-14,-3.007825
26-10-14,0.34599
26-10-14,0.339986
26-10-14,-1.625247
26-10-14,-2.92143
26-10-14,2.986229
26-10-14,-2.762569
26-10-14,3.572624
26-10-14,0.120956
26-10-14,1.476966
26-10-14,-0.275864
26-10-14,2.381851
26-10-14,-2.361758
26-10-14,1.077768
26-10-14,-0.526296
26-10-14,-0.008139
26-10-14,1.075933
26-10-14,-0.73775
26-10-14,-0.264403
26-10-14,-3.456978
26-10-14,3.513423
26-10-14,0.880744
26-10-14,0.431135
26-10-14,-1.846919
26-10-14,-1.739681
26-10-14,1.541554
26-10-14,3.031383
26-10-14,-3.204572
26-10-14,-0.304793
26-10-14,-1.8379
26-10-14,2.586319
26-10-14,-0.035693
26-10-14,-0.560036
26-10-14,-2.761698
26-10-14,-4.494955
26-10-14,3.117679
26-10-14,1.624818
26-10-14,4.906652
26-10-14,0.388061
26-10-14,-1.205174
26-10-14,-2.440082
26-10-14,-0.892871
26-10-14,2.626727
26-10-14,1.571678
26-10-14,-2.415842
26-10-14,-2.755065
26-10-14,-1.43972
26-10-14,3.477475
26-10-14,0.387484
26-10-14,1.619618
26-10-14,-3.741333
26-10-14,0.510211
26-10-14,-0.577656
26-10-14,0.719309
26-10-14,-2.028888
26-10-14,1.588561
26-10-14,0.498911
26-10-14,1.439591
26-10-14,-1.239722
26-10-14,0.387664
26-10-14,-1.506925
26-10-14,-0.235403
26-10-14,-1.045714
26-10-14,1.664297
26-10-14,0.126826
26-10-14,-2.08499
26-10-14,-0.432212
26-10-14,1.685715
26-10-14,1.352901
26-10-14,1.3315
26-10-14,-2.934918
26-10-14,1.12655
26-10-14,-1.105732
26-10-14,-0.652909
26-10-14,2.498593
26-10-14,-1.45626
26-10-14,-1.550214
26-10-14,-0.677459
26-10-14,0.24975
26-10-14,-0.398469
26-10-14,1.453576
26-10-14,1.003239
26-10-14,-1.413657
26-10-14,-0.692277
26-10-14,0.549889
26-10-14,2.214305
26-10-14,-1.714436
26-10-14,-1.617948
26-10-14,0.375745
26-10-14,2.099107
26-10-14,0.526625
27-10-14,-1.099788
27-10-14,0.432481
27-10-14,-0.869895
27-10-14,0.459335
27-10-14,0.865699
27-10-14,0.738775
27-10-14,-0.458871
27-10-14,-1.640725
27-10-14,-0.177541
27-10-14,0.12681
27-10-14,0.379554
27-10-14,0.046399
27-10-14,-1.305595
27-10-14,-1.241068
27-10-14,0.624217
27-10-14,2.781529
27-10-14,0.633728
27-10-14,-0.88033
27-10-14,2.617982
27-10-14,-1.207698
27-10-14,0.063177
27-10-14,-1.533894
27-10-14,0.877361
27-10-14,0.409568
27-10-14,1.066787
27-10-14,-1.156799
27-10-14,-1.716748
27-10-14,0.099872
27-10-14,-0.547637
27-10-14,-0.213195
27-10-14,4.119436
27-10-14,0.83329
27-10-14,0.766442
27-10-14,-0.565613
27-10-14,-1.052788
27-10-14,-0.135788
27-10-14,0.412203
27-10-14,0.868724
27-10-14,0.854951
27-10-14,-1.2429
27-10-14,-1.002419
27-10-14,-0.865177
27-10-14,-3.320575
27-10-14,1.779872
27-10-14,3.878421
27-10-14,0.435892
27-10-14,0.593734
27-10-14,-3.938611
27-10-14,-1.12616
27-10-14,1.370647
27-10-14,2.259022
27-10-14,5.915166
27-10-14,-5.665849
27-10-14,3.706241
27-10-14,2.67627
27-10-14,1.150716
27-10-14,-4.601216
27-10-14,-7.136261
27-10-14,0.69882
27-10-14,0.609091
27-10-14,4.524786
27-10-14,-1.222025
27-10-14,-0.911454
27-10-14,2.768137
27-10-14,0.383054
27-10-14,1.295254
27-10-14,-0.506202
27-10-14,-1.625027
27-10-14,3.362448
27-10-14,-2.290823
27-10-14,0.927647
27-10-14,0.509193
27-10-14,-1.571879
27-10-14,0.604996
27-10-14,0.858187
27-10-14,-0.836478
27-10-14,-1.76209
27-10-14,-3.168725
27-10-14,0.896345
27-10-14,0.33764
27-10-14,-2.312912
27-10-14,-0.503583
27-10-14,0.53888
27-10-14,-0.056071
27-10-14,-0.56405
27-10-14,-1.895379
27-10-14,-1.555821
27-10-14,-0.810927
27-10-14,-0.89515
27-10-14,1.812127
27-10-14,-0.291792
27-10-14,-0.382016
27-10-14,-0.093498
27-10-14,-0.478661
27-10-14,0.080619
27-10-14,-0.374084
27-10-14,0.755301
27-10-14,1.956508
27-10-14,1.528828
27-10-14,-0.763376
27-10-14,0.38818
27-10-14,-2.636725
27-10-14,0.566876
27-10-14,1.169289
27-10-14,0.676175
27-10-14,-0.006753
27-10-14,0.031227
27-10-14,-1.294941
27-10-14,0.129924
27-10-14,1.198509
27-10-14,0.782153
27-10-14,-0.246716
27-10-14,0.256592
27-10-14,-0.26837
27-10-14,0.200551
27-10-14,0.177874
27-10-14,-0.267517
27-10-14,-1.959928
27-10-14,-0.679215
27-10-14,0.47759
27-10-14,-0.746498
27-10-14,1.874886
27-10-14,0.63021
27-10-14,0.588613
27-10-14,-0.484124
27-10-14,-1.271556
27-10-14,0.344026
27-10-14,0.678121
27-10-14,-1.319232
27-10-14,0.454514
27-10-14,-0.557958
27-10-14,-0.192506
27-10-14,-1.040087
27-10-14,-0.333397
27-10-14,0.103662
27-10-14,0.016397
27-10-14,0.136969
27-10-14,0.473939
27-10-14,0.659002
27-10-14,1.495517
27-10-14,0.018848
28-10-14,-1.056628
28-10-14,-0.798652
28-10-14,-1.656057
28-10-14,-1.466856
28-10-14,1.608687
28-10-14,2.214906
28-10-14,-0.164014
28-10-14,-0.744689
28-10-14,0.807534
28-10-14,-0.134966
28-10-14,-1.355165
28-10-14,-0.563922
28-10-14,-0.189221
28-10-14,0.857831
28-10-14,-0.727112
28-10-14,2.025676
28-10-14,-0.554515
28-10-14,0.739293
28-10-14,-0.889149
28-10-14,-0.421828
28-10-14,0.718092
28-10-14,0.834513
28-10-14,1.806159
28-10-14,-0.651283
28-10-14,-1.33816
28-10-14,-0.384323
28-10-14,-0.286573
28-10-14,0.611107
28-10-14,1.772472
28-10-14,1.040469
28-10-14,-0.332123
28-10-14,-1.630778
28-10-14,-0.399085
28-10-14,3.141755
28-10-14,1.414967
28-10-14,-0.261044
28-10-14,-1.159497
28-10-14,-0.763724
28-10-14,-1.338972
28-10-14,1.161832
28-10-14,0.255498
28-10-14,-2.150003
28-10-14,0.452504
28-10-14,2.163175
28-10-14,2.967662
28-10-14,-2.99227
28-10-14,2.217959
28-10-14,-1.890512
28-10-14,-1.226136
28-10-14,0.611576
28-10-14,-2.008845
28-10-14,1.604968
28-10-14,1.93159
28-10-14,1.793436
28-10-14,-3.653321
28-10-14,1.095961
28-10-14,2.141747
28-10-14,-0.112926
28-10-14,2.999819
28-10-14,-0.906589
28-10-14,1.906728
28-10-14,-3.458837
28-10-14,-1.127363
28-10-14,0.60453
28-10-14,-1.651202
28-10-14,1.997674
28-10-14,5.92313
28-10-14,-1.494818
28-10-14,-7.358611
28-10-14,-2.208707
28-10-14,1.160617
28-10-14,2.715713
28-10-14,0.138994
28-10-14,-0.502555
28-10-14,1.405662
28-10-14,1.44401
28-10-14,-0.5862
28-10-14,0.530984
28-10-14,0.508114
28-10-14,-1.815885
28-10-14,-0.940606
28-10-14,-2.016724
28-10-14,-1.036655
28-10-14,-1.768037
28-10-14,-1.129133
28-10-14,2.997523
28-10-14,-1.399418
28-10-14,-0.543416
28-10-14,-0.940721
28-10-14,0.145879
28-10-14,-0.556753
28-10-14,0.206658
28-10-14,-0.032257
28-10-14,-0.981251
28-10-14,0.625328
28-10-14,0.982274
28-10-14,0.926104
28-10-14,-0.014118
28-10-14,0.593297
28-10-14,-1.052452
28-10-14,0.412085
28-10-14,0.110747
28-10-14,0.485725
28-10-14,-0.329555
28-10-14,1.867629
28-10-14,-1.050152
28-10-14,-0.330955
28-10-14,0.483556
28-10-14,-0.733394
28-10-14,-1.208017
28-10-14,0.306555
28-10-14,0.232122
28-10-14,1.471057
28-10-14,-0.474263
28-10-14,-0.418795
28-10-14,-0.237747
28-10-14,-0.410292
28-10-14,-0.569369
28-10-14,-0.944202
28-10-14,0.246219
28-10-14,-0.003388
28-10-14,-0.096352
28-10-14,0.470558
28-10-14,0.437027
28-10-14,-0.974211
28-10-14,0.120763
28-10-14,0.687456
28-10-14,0.166196
28-10-14,-0.433049
28-10-14,0.819864
28-10-14,-0.794682
28-10-14,-1.360938
28-10-14,-0.737647
28-10-14,-0.811925
28-10-14,-1.706158
28-10-14,2.833795
28-10-14,1.170954
28-10-14,1.182079
28-10-14,-0.298525
28-10-14,1.012137
28-10-14,0.363801
29-10-14,-0.910555
29-10-14,-0.457036
29-10-14,-1.181151
29-10-14,-0.967439
29-10-14,-3.324866
29-10-14,2.161388
29-10-14,1.05976
29-10-14,1.508456
29-10-14,2.253999
29-10-14,-1.347042
29-10-14,-1.335945
29-10-14,-0.060098
29-10-14,0.169493
29-10-14,-0.266641
29-10-14,0.088773
29-10-14,0.447912
29-10-14,0.039975
29-10-14,0.358823
29-10-14,0.918018
29-10-14,-0.862639
29-10-14,0.400913
29-10-14,0.244492
29-10-14,1.549362
29-10-14,0.339772
29-10-14,-1.120327
29-10-14,0.373087
29-10-14,-0.251448
29-10-14,1.640296
29-10-14,-1.006976
29-10-14,1.310541
29-10-14,-1.107874
29-10-14,1.705456
29-10-14,-0.555598
29-10-14,0.026532
29-10-14,0.093493
29-10-14,-0.31519
29-10-14,-1.329666
29-10-14,1.447851
29-10-14,-0.111025
29-10-14,-3.828351
29-10-14,-0.041994
29-10-14,0.909308
29-10-14,1.458974
29-10-14,2.870245
29-10-14,-0.933589
29-10-14,2.18027
29-10-14,-1.007397
29-10-14,1.933924
29-10-14,1.813593
29-10-14,-1.354173
29-10-14,-1.666489
29-10-14,2.720286
29-10-14,-2.948778
29-10-14,1.102935
29-10-14,-1.421146
29-10-14,0.581123
29-10-14,-2.311394
29-10-14,0.568251
29-10-14,4.448424
29-10-14,0.741702
29-10-14,-1.261257
29-10-14,-4.400682
29-10-14,0.975978
29-10-14,2.321482
29-10-14,-0.296043
29-10-14,-2.738086
29-10-14,1.725122
29-10-14,0.397382
29-10-14,3.187995
29-10-14,-0.272224
29-10-14,-0.376181
29-10-14,-0.853401
29-10-14,2.262707
29-10-14,-1.581292
29-10-14,-4.438105
29-10-14,-1.010943
29-10-14,0.603876
29-10-14,0.58444
29-10-14,0.407687
29-10-14,-0.20995
29-10-14,-1.958335
29-10-14,-1.085588
29-10-14,-0.06271
29-10-14,0.149392
29-10-14,-0.485845
29-10-14,-1.483855
29-10-14,0.037974
29-10-14,-0.715421
29-10-14,0.844028
29-10-14,-0.75582
29-10-14,1.150682
29-10-14,-0.2172
29-10-14,-0.568706
29-10-14,1.9375
29-10-14,2.234064
29-10-14,-1.472662
29-10-14,-0.936332
29-10-14,-0.602512
29-10-14,-0.239013
29-10-14,0.690857
29-10-14,-0.516076
29-10-14,0.731794
29-10-14,0.088289
29-10-14,-0.20053
29-10-14,-0.471382
29-10-14,-1.225434
29-10-14,2.179789
29-10-14,1.70928
29-10-14,-0.594366
29-10-14,0.159272
29-10-14,-0.069716
29-10-14,2.17997
29-10-14,0.354986
29-10-14,-3.5335
29-10-14,-0.398019
29-10-14,-0.797298
29-10-14,-0.839292
29-10-14,2.146515
29-10-14,0.282406
29-10-14,-0.481251
29-10-14,-0.143611
29-10-14,-1.009785
29-10-14,-0.178628
29-10-14,1.428009
29-10-14,0.295771
29-10-14,-1.393119
29-10-14,0.190909
29-10-14,-1.10686
29-10-14,-1.022453
29-10-14,0.753391
29-10-14,-0.640767
29-10-14,-0.612608
29-10-14,0.732568
29-10-14,-0.400722
29-10-14,1.675107
29-10-14,0.228279
29-10-14,0.019826
29-10-14,-0.122292
30-10-14,0.834564
30-10-14,-0.012832
30-10-14,-0.018709
30-10-14,-0.755666
30-10-14,-0.795155
30-10-14,-1.141578
30-10-14,-0.293501
30-10-14,-0.047782
30-10-14,1.36699
30-10-14,3.042555
30-10-14,-1.894708
30-10-14,-1.212299
30-10-14,-1.415331
30-10-14,0.180252
30-10-14,0.807278
30-10-14,-0.305474
30-10-14,-0.17173
30-10-14,1.117652
30-10-14,-0.497412
30-10-14,1.295174
30-10-14,-0.476945
30-10-14,0.036616
30-10-14,0.980243
30-10-14,0.127129
30-10-14,-0.258286
30-10-14,-0.582073
30-10-14,0.862482
30-10-14,0.826079
30-10-14,1.01889
30-10-14,1.142937
30-10-14,0.402035
30-10-14,-1.786647
30-10-14,0.828568
30-10-14,1.585496
30-10-14,1.214741
30-10-14,-0.279707
30-10-14,0.734906
30-10-14,-0.31008
30-10-14,2.587178
30-10-14,-1.941297
30-10-14,-1.405313
30-10-14,0.455624
30-10-14,-0.320116
30-10-14,-0.562914
30-10-14,-0.917207
30-10-14,-3.346206
30-10-14,0.227219
30-10-14,-1.344759
30-10-14,2.518486
30-10-14,-1.529488
30-10-14,3.021686
30-10-14,1.845224
30-10-14,2.403409
30-10-14,-4.797515
30-10-14,5.642983
30-10-14,-3.157363
30-10-14,-0.1801
30-10-14,-3.574357
30-10-14,1.864648
30-10-14,1.983018
30-10-14,0.113442
30-10-14,1.71092
30-10-14,-0.674955
30-10-14,3.87406
30-10-14,-2.191777
30-10-14,-0.543991
30-10-14,3.233696
30-10-14,-0.217177
30-10-14,-2.904753
30-10-14,-1.189743
30-10-14,2.09342
30-10-14,-1.127006
30-10-14,-0.764027
30-10-14,3.551463
30-10-14,0.130654
30-10-14,-2.288863
30-10-14,-2.755762
30-10-14,-0.420474
30-10-14,-2.16936
30-10-14,2.146397
30-10-14,-1.209048
30-10-14,0.589185
30-10-14,-1.661217
30-10-14,1.355077
30-10-14,-2.142383
30-10-14,-0.945038
30-10-14,-2.700143
30-10-14,0.003021
30-10-14,-0.217714
30-10-14,0.177151
30-10-14,-1.115353
30-10-14,0.308944
30-10-14,-0.439728
30-10-14,0.383291
30-10-14,2.314189
30-10-14,-0.542294
30-10-14,1.066724
30-10-14,0.374799
30-10-14,0.633886
30-10-14,0.338724
30-10-14,0.444179
30-10-14,0.239298
30-10-14,-0.303369
30-10-14,0.665763
30-10-14,-0.198221
30-10-14,-0.823306
30-10-14,-0.636968
30-10-14,1.07067
30-10-14,-0.384516
30-10-14,1.07517
30-10-14,-1.381088
30-10-14,0.909755
30-10-14,-0.998476
30-10-14,0.494274
30-10-14,1.096123
30-10-14,-0.040077
30-10-14,-2.584065
30-10-14,-0.458805
30-10-14,0.142744
30-10-14,-0.322143
30-10-14,0.626364
30-10-14,-0.94693
30-10-14,1.074743
30-10-14,0.858052
30-10-14,0.179684
30-10-14,-0.001776
30-10-14,0.700573
30-10-14,-0.812826
30-10-14,-0.55266
30-10-14,0.247728
30-10-14,3.163848
30-10-14,-3.856239
30-10-14,-1.646947
30-10-14,-1.011858
30-10-14,1.423245
30-10-14,0.186687
30-10-14,0.627904
30-10-14,1.283397
30-10-14,-1.072749
30-10-14,-0.110043
30-10-14,-1.693713
31-10-14,0.299195
31-10-14,0.186328
31-10-14,0.855935
31-10-14,-1.358845
31-10-14,-0.307427
31-10-14,0.87756
31-10-14,1.194242
31-10-14,-1.381834
31-10-14,-0.164867
31-10-14,0.66738
31-10-14,1.167998
31-10-14,-2.183304
31-10-14,-0.293341
31-10-14,-0.207263
31-10-14,0.11486
31-10-14,0.54871
31-10-14,-0.391955
31-10-14,1.633744
31-10-14,0.596629
31-10-14,-1.158514
31-10-14,0.163522
31-10-14,0.596832
31-10-14,0.894135
31-10-14,0.126191
31-10-14,-0.354278
31-10-14,-0.829251
31-10-14,2.027
31-10-14,0.424756
31-10-14,0.026971
31-10-14,-0.12979
31-10-14,0.203961
31-10-14,0.609784
31-10-14,-0.173135
31-10-14,0.79263
31-10-14,2.44202
31-10-14,-0.129659
31-10-14,0.321588
31-10-14,-2.008265
31-10-14,-0.631741
31-10-14,1.107893
31-10-14,-0.735851
31-10-14,-1.141063
31-10-14,-1.021925
31-10-14,0.356685
31-10-14,-0.727819
31-10-14,1.023506
31-10-14,-0.005882
31-10-14,-1.836232
31-10-14,5.075163
31-10-14,2.075493
31-10-14,-4.32569
31-10-14,1.737444
31-10-14,0.499561
31-10-14,-1.684993
31-10-14,0.8582
31-10-14,2.035638
31-10-14,13.686275
31-10-14,-6.124217
31-10-14,-4.167718
31-10-14,0.099335
31-10-14,-0.649168
31-10-14,-9.475813
31-10-14,-2.539624
31-10-14,4.568253
31-10-14,5.31191
31-10-14,15.506585
31-10-14,-6.253803
31-10-14,-6.285432
31-10-14,-3.729006
31-10-14,-2.92404
31-10-14,1.832357
31-10-14,3.419671
31-10-14,0.18919
31-10-14,-3.274734
31-10-14,-3.879717
31-10-14,-2.947532
31-10-14,1.029305
31-10-14,0.957293
31-10-14,2.075467
31-10-14,1.608508
31-10-14,-2.131804
31-10-14,-0.704925
31-10-14,-0.615931
31-10-14,-1.154112
31-10-14,0.422019
31-10-14,-1.032567
31-10-14,-1.454968
31-10-14,-0.130088
31-10-14,0.609685
31-10-14,0.090929
31-10-14,-0.07092
31-10-14,0.257297
31-10-14,0.644634
31-10-14,0.233847
31-10-14,0.328136
31-10-14,-1.24004
31-10-14,-0.290505
31-10-14,-0.358977
31-10-14,4.229883
31-10-14,0.216986
31-10-14,-1.255565
31-10-14,-1.011928
31-10-14,0.182885
31-10-14,0.488651
31-10-14,2.861213
31-10-14,0.736528
31-10-14,-1.913739
31-10-14,-0.641261
31-10-14,1.319185
31-10-14,-0.153451
31-10-14,-1.157413
31-10-14,-0.019795
31-10-14,-0.153783
31-10-14,-0.158478
31-10-14,-1.066229
31-10-14,1.756487
31-10-14,-2.376902
31-10-14,0.642238
31-10-14,0.077888
31-10-14,1.004177
31-10-14,0.658179
31-10-14,-1.124263
31-10-14,-0.963532
31-10-14,0.421982
31-10-14,1.53765
31-10-14,-1.201428
31-10-14,-0.522469
31-10-14,-0.500269
31-10-14,-0.140761
31-10-14,-0.193555
31-10-14,-0.459147
31-10-14,0.38305
31-10-14,0.299969
31-10-14,-0.273617
31-10-14,-0.032632
31-10-14,-0.029966
31-10-14,-0.352641
31-10-14,0.269273
01-11-14,0.600894
01-11-14,-0.707051
01-11-14,-0.102623
01-11-14,-0.566716
01-11-14,0.332678
01-11-14,-0.242511
01-11-14,0.352774
01-11-14,-0.18885
01-11-14,-0.04919
01-11-14,-0.779041
01-11-14,1.486454
01-11-14,-0.823231
01-11-14,-0.272059
01-11-14,-1.661739
01-11-14,0.75075
01-11-14,0.052012
01-11-14,0.802081
01-11-14,3.170561
01-11-14,-0.141571
01-11-14,-0.898067
01-11-14,-0.910341
01-11-14,0.690038
01-11-14,1.143635
01-11-14,-0.447931
01-11-14,-0.240248
01-11-14,0.613443
01-11-14,-0.209079
01-11-14,0.509936
01-11-14,-1.383519
01-11-14,0.459927
01-11-14,0.249121
01-11-14,0.489327
01-11-14,1.45471
01-11-14,-0.990648
01-11-14,-0.575412
01-11-14,0.87232
01-11-14,2.363039
01-11-14,-1.822886
01-11-14,0.081986
01-11-14,-1.334949
01-11-14,0.527877
01-11-14,-0.036945
01-11-14,-3.047685
01-11-14,-0.864412
01-11-14,0.905529
01-11-14,1.040485
01-11-14,-0.101603
