29-09-14,5.366309
29-09-14,6.472935
29-09-14,5.504509
29-09-14,6.351261
29-09-14,5.440485
29-09-14,5.431877
29-09-14,5.654768
29-09-14,4.397748
29-09-14,5.905884
29-09-14,4.805073
29-09-14,3.884397
29-09-14,3.952768
29-09-14,3.658168
29-09-14,3.472307
29-09-14,4.93876
29-09-14,5.428504
29-09-14,3.981737
29-09-14,3.653536
29-09-14,4.745188
30-09-14,5.782018
30-09-14,4.8651
30-09-14,6.29098
30-09-14,4.776727
30-09-14,6.435773
30-09-14,6.251105
30-09-14,4.137391
30-09-14,4.461149
30-09-14,5.29663
30-09-14,4.122227
30-09-14,5.944088
30-09-14,5.076566
30-09-14,4.155399
30-09-14,4.623027
30-09-14,6.102768
30-09-14,5.273324
30-09-14,4.666156
30-09-14,5.162754
30-09-14,4.426528
30-09-14,4.769435
30-09-14,4.372963
30-09-14,6.10022
30-09-14,5.08498
30-09-14,6.211092
30-09-14,5.263807
30-09-14,5.189613
30-09-14,5.931729
30-09-14,5.231773
30-09-14,7.351233
30-09-14,7.075332
30-09-14,7.642923
30-09-14,6.136011
30-09-14,7.218762
30-09-14,7.785663
30-09-14,8.966966
30-09-14,6.174612
30-09-14,7.224201
30-09-14,6.61503
30-09-14,7.300236
30-09-14,8.338546
30-09-14,7.73293
30-09-14,6.777741
30-09-14,4.652935
30-09-14,5.96824
30-09-14,8.393826
30-09-14,5.735065
30-09-14,9.400755
30-09-14,9.065291
30-09-14,3.336985
30-09-14,6.96137
30-09-14,8.201001
30-09-14,10.092613
30-09-14,7.352065
30-09-14,9.394535
30-09-14,8.593656
30-09-14,9.683384
30-09-14,7.192314
30-09-14,5.759747
30-09-14,8.272519
30-09-14,8.309915
30-09-14,7.970555
30-09-14,7.585243
30-09-14,6.341668
30-09-14,7.719952
30-09-14,8.172956
30-09-14,11.082954
30-09-14,8.856279
30-09-14,8.994088
30-09-14,5.29631
30-09-14,9.126372
30-09-14,7.684064
30-09-14,9.215068
30-09-14,7.054241
30-09-14,8.20709
30-09-14,8.57899
30-09-14,10.194318
30-09-14,5.085874
30-09-14,7.170564
30-09-14,8.920571
30-09-14,6.042999
30-09-14,5.640793
30-09-14,7.354944
30-09-14,5.080444
30-09-14,6.33861
30-09-14,5.674966
30-09-14,5.050784
30-09-14,4.662074
30-09-14,4.775788
30-09-14,4.45228
30-09-14,4.57749
30-09-14,5.64374
30-09-14,5.031222
30-09-14,4.335228
30-09-14,4.929913
30-09-14,5.069672
30-09-14,5.276676
30-09-14,6.019217
30-09-14,5.146462
30-09-14,5.486538
30-09-14,6.375015
30-09-14,6.383355
30-09-14,7.283455
30-09-14,5.139735
30-09-14,6.397445
30-09-14,6.481836
30-09-14,6.172114
30-09-14,5.032143
30-09-14,7.448241
30-09-14,5.475103
30-09-14,5.250667
30-09-14,7.170503
30-09-14,5.191405
30-09-14,5.352957
30-09-14,6.037836
30-09-14,4.964888
30-09-14,5.616561
30-09-14,5.397948
30-09-14,4.828604
30-09-14,4.367035
30-09-14,7.192481
30-09-14,5.594636
30-09-14,5.644331
30-09-14,4.528851
30-09-14,4.753022
30-09-14,4.909976
30-09-14,6.282829
30-09-14,5.041007
30-09-14,4.747742
30-09-14,5.01431
30-09-14,5.645148
30-09-14,3.864012
30-09-14,5.258113
30-09-14,4.677838
30-09-14,4.059935
30-09-14,5.47999
30-09-14,4.334527
30-09-14,4.68908
30-09-14,5.28575
30-09-14,5.977916
01-10-14,5.058833
01-10-14,8.129852
01-10-14,5.791531
01-10-14,4.722002
01-10-14,5.778061
01-10-14,5.481426
01-10-14,4.249734
01-10-14,4.529968
01-10-14,5.776965
01-10-14,3.981559
01-10-14,5.766679
01-10-14,5.328926
01-10-14,4.972359
01-10-14,4.235111
01-10-14,5.2432
01-10-14,5.878022
01-10-14,4.821852
01-10-14,5.031629
01-10-14,5.08228
01-10-14,4.554798
01-10-14,5.567495
01-10-14,6.546502
01-10-14,5.01781
01-10-14,5.599804
01-10-14,6.009888
01-10-14,5.275511
01-10-14,5.616851
01-10-14,6.069992
01-10-14,5.51877
01-10-14,8.286288
01-10-14,5.730501
01-10-14,6.53544
01-10-14,7.853877
01-10-14,5.557701
01-10-14,6.610242
01-10-14,5.036967
01-10-14,6.181301
01-10-14,6.491517
01-10-14,8.471025
01-10-14,6.437691
01-10-14,7.583394
01-10-14,8.971938
01-10-14,8.484235
01-10-14,5.341651
01-10-14,9.138257
01-10-14,2.968386
01-10-14,7.876954
01-10-14,8.474537
01-10-14,7.367355
01-10-14,10.262884
01-10-14,8.679085
01-10-14,8.405572
01-10-14,7.131052
01-10-14,7.285957
01-10-14,8.822436
01-10-14,8.744438
01-10-14,8.081702
01-10-14,7.921106
01-10-14,10.114011
01-10-14,6.983406
01-10-14,7.359551
01-10-14,4.753773
01-10-14,7.37764
01-10-14,6.683137
01-10-14,10.526087
01-10-14,8.208171
01-10-14,8.952423
01-10-14,9.50104
01-10-14,8.38962
01-10-14,10.564793
01-10-14,5.424638
01-10-14,7.913691
01-10-14,8.011214
01-10-14,8.865755
01-10-14,11.518387
01-10-14,10.822156
01-10-14,5.416212
01-10-14,5.672325
01-10-14,5.802572
01-10-14,4.420439
01-10-14,7.836714
01-10-14,5.961247
01-10-14,8.281238
01-10-14,5.231891
01-10-14,4.363215
01-10-14,4.649738
01-10-14,5.30185
01-10-14,4.288886
01-10-14,4.137471
01-10-14,3.950117
01-10-14,3.838224
01-10-14,4.485563
01-10-14,4.422332
01-10-14,4.758604
01-10-14,5.499202
01-10-14,4.593614
01-10-14,4.261802
01-10-14,5.834922
01-10-14,5.843649
01-10-14,6.264633
01-10-14,5.863318
01-10-14,5.424034
01-10-14,6.246769
01-10-14,6.445765
01-10-14,5.768369
01-10-14,5.644556
01-10-14,8.306717
01-10-14,5.636259
01-10-14,5.981904
01-10-14,5.714494
01-10-14,7.039975
01-10-14,7.897258
01-10-14,6.894455
01-10-14,6.930532
01-10-14,4.509918
01-10-14,5.598746
01-10-14,5.879259
01-10-14,4.933831
01-10-14,5.896985
01-10-14,5.491365
01-10-14,5.200408
01-10-14,5.708653
01-10-14,5.722257
01-10-14,6.566634
01-10-14,5.710616
01-10-14,5.799272
01-10-14,5.684602
01-10-14,5.893418
01-10-14,4.769341
01-10-14,4.036683
01-10-14,5.451344
01-10-14,4.556656
01-10-14,3.748766
01-10-14,5.960476
01-10-14,3.563716
01-10-14,5.622728
01-10-14,3.614574
01-10-14,4.796815
02-10-14,6.196049
02-10-14,5.693625
02-10-14,5.204836
02-10-14,6.516831
02-10-14,4.322519
02-10-14,4.978386
02-10-14,3.644901
02-10-14,6.173497
02-10-14,5.046495
02-10-14,6.500963
02-10-14,5.302918
02-10-14,4.367755
02-10-14,3.239757
02-10-14,4.855793
02-10-14,4.408482
02-10-14,5.400067
02-10-14,5.263426
02-10-14,5.453637
02-10-14,4.053844
02-10-14,4.513464
02-10-14,4.415267
02-10-14,5.204021
02-10-14,4.189187
02-10-14,5.956241
02-10-14,3.896667
02-10-14,5.197626
02-10-14,4.43016
02-10-14,5.937397
02-10-14,5.794898
02-10-14,6.239892
02-10-14,5.721044
02-10-14,6.001217
02-10-14,6.020854
02-10-14,5.45339
02-10-14,6.703518
02-10-14,6.351801
02-10-14,7.315036
02-10-14,7.620773
02-10-14,5.419829
02-10-14,6.47171
02-10-14,9.024492
02-10-14,6.324581
02-10-14,7.268072
02-10-14,5.013013
02-10-14,6.3353
02-10-14,7.837763
02-10-14,6.766955
02-10-14,6.875568
02-10-14,4.274104
02-10-14,3.995929
02-10-14,5.391532
02-10-14,8.490301
02-10-14,9.718678
02-10-14,6.871889
02-10-14,7.771083
02-10-14,8.103834
02-10-14,7.052409
02-10-14,9.520225
02-10-14,9.218244
02-10-14,9.595515
02-10-14,6.812446
02-10-14,8.456844
02-10-14,10.253263
02-10-14,7.281957
02-10-14,9.224163
02-10-14,10.384786
02-10-14,10.529688
02-10-14,10.978745
02-10-14,10.973279
02-10-14,7.791272
02-10-14,3.642746
02-10-14,10.350358
02-10-14,9.388903
02-10-14,7.359873
02-10-14,8.584656
02-10-14,9.851546
02-10-14,6.756085
02-10-14,10.157309
02-10-14,8.291669
02-10-14,7.463463
02-10-14,6.276151
02-10-14,6.325116
02-10-14,5.757549
02-10-14,4.867907
02-10-14,6.136784
02-10-14,5.604868
02-10-14,4.58529
02-10-14,4.834129
02-10-14,3.84052
02-10-14,3.80982
02-10-14,4.179058
02-10-14,3.981902
02-10-14,4.356352
02-10-14,5.349571
02-10-14,4.986755
02-10-14,5.611808
02-10-14,4.896609
02-10-14,6.014281
02-10-14,4.749353
02-10-14,4.799947
02-10-14,6.803133
02-10-14,7.720668
02-10-14,5.502768
02-10-14,5.2298
02-10-14,7.561078
02-10-14,7.820382
02-10-14,5.505047
02-10-14,4.80762
02-10-14,7.504908
02-10-14,6.999422
02-10-14,5.317608
02-10-14,5.151549
02-10-14,5.67729
02-10-14,6.51365
02-10-14,5.944708
02-10-14,4.49619
02-10-14,5.77458
02-10-14,6.07774
02-10-14,6.189477
02-10-14,5.559902
02-10-14,5.920047
02-10-14,4.877847
02-10-14,6.205496
02-10-14,6.937372
02-10-14,4.833164
02-10-14,4.615486
02-10-14,5.269626
02-10-14,5.574889
02-10-14,5.512632
02-10-14,4.797749
02-10-14,5.234532
02-10-14,4.082875
02-10-14,5.526844
02-10-14,5.45468
02-10-14,5.056898
02-10-14,5.215593
02-10-14,4.154799
02-10-14,6.436558
02-10-14,6.174789
02-10-14,4.86304
03-10-14,4.448487
03-10-14,5.336877
03-10-14,5.785387
03-10-14,3.684924
03-10-14,4.791193
03-10-14,3.125976
03-10-14,4.290156
03-10-14,3.842689
03-10-14,4.132507
03-10-14,4.403436
03-10-14,8.039012
03-10-14,5.093666
03-10-14,4.071662
03-10-14,4.455319
03-10-14,4.346018
03-10-14,4.718644
03-10-14,5.378343
03-10-14,5.153371
03-10-14,5.26543
03-10-14,4.96806
03-10-14,4.132635
03-10-14,0.540936
03-10-14,3.909971
03-10-14,4.977835
03-10-14,5.62719
03-10-14,5.58379
03-10-14,6.148333
03-10-14,6.168203
03-10-14,6.084427
03-10-14,6.503813
03-10-14,5.836737
03-10-14,9.149051
03-10-14,8.078555
03-10-14,7.224651
03-10-14,7.307995
03-10-14,6.892658
03-10-14,7.238966
03-10-14,3.98702
03-10-14,3.87962
03-10-14,6.033038
03-10-14,5.728679
03-10-14,3.801825
03-10-14,8.067579
03-10-14,8.156757
03-10-14,12.956871
03-10-14,5.474986
03-10-14,9.674376
03-10-14,7.706222
03-10-14,8.755008
03-10-14,7.76569
03-10-14,7.174014
03-10-14,5.36176
03-10-14,5.8128
03-10-14,7.745744
03-10-14,8.400908
03-10-14,13.346604
03-10-14,8.261082
03-10-14,8.712489
03-10-14,9.386776
03-10-14,12.329394
03-10-14,6.17755
03-10-14,8.981997
03-10-14,9.75837
03-10-14,11.541152
03-10-14,8.333167
03-10-14,9.778931
03-10-14,11.760898
03-10-14,8.501743
03-10-14,10.702031
03-10-14,6.265851
03-10-14,6.64294
03-10-14,8.637157
03-10-14,4.37646
03-10-14,7.815247
03-10-14,5.104668
03-10-14,9.352328
03-10-14,6.14156
03-10-14,8.562361
03-10-14,6.965467
03-10-14,5.666094
03-10-14,6.47385
03-10-14,5.747225
03-10-14,5.424197
03-10-14,6.35395
03-10-14,4.927126
03-10-14,4.817379
03-10-14,5.33999
03-10-14,4.694196
03-10-14,3.492467
03-10-14,4.962783
03-10-14,4.29513
03-10-14,5.428524
03-10-14,5.945091
03-10-14,3.819181
03-10-14,4.430874
03-10-14,4.49334
03-10-14,4.949587
03-10-14,5.538113
03-10-14,5.601961
03-10-14,5.677801
03-10-14,4.715602
03-10-14,6.299036
03-10-14,6.759825
03-10-14,5.802101
03-10-14,6.540536
03-10-14,6.837348
03-10-14,5.945255
03-10-14,5.270428
03-10-14,4.974562
03-10-14,4.837764
03-10-14,6.588884
03-10-14,5.3301
03-10-14,7.365074
03-10-14,5.005376
03-10-14,5.453352
03-10-14,4.386713
03-10-14,5.434243
03-10-14,5.268541
03-10-14,6.068787
03-10-14,6.962406
03-10-14,4.639775
03-10-14,4.667354
03-10-14,5.794645
03-10-14,5.439733
03-10-14,6.037148
03-10-14,5.755891
03-10-14,4.979476
03-10-14,6.531026
03-10-14,3.567648
03-10-14,5.484051
03-10-14,4.627405
03-10-14,3.922648
03-10-14,4.734857
03-10-14,5.61529
03-10-14,4.517645
03-10-14,5.021011
03-10-14,5.402091
03-10-14,5.765149
04-10-14,4.965323
04-10-14,5.750263
04-10-14,5.785963
04-10-14,5.579535
04-10-14,4.916919
04-10-14,5.083232
04-10-14,3.779523
04-10-14,3.043932
04-10-14,4.188559
04-10-14,3.58659
04-10-14,4.252191
04-10-14,3.476613
04-10-14,4.926679
04-10-14,3.875875
04-10-14,4.458981
04-10-14,3.872969
04-10-14,4.868002
04-10-14,4.146761
04-10-14,4.964237
04-10-14,4.090835
04-10-14,4.424736
04-10-14,4.266556
04-10-14,4.163276
04-10-14,5.769281
04-10-14,5.453934
04-10-14,4.139382
04-10-14,5.540197
04-10-14,5.554781
04-10-14,5.199601
04-10-14,6.193955
04-10-14,6.979626
04-10-14,6.166801
04-10-14,7.05024
04-10-14,7.304221
04-10-14,6.023263
04-10-14,6.594366
04-10-14,6.360539
04-10-14,6.473784
04-10-14,7.369271
04-10-14,6.909244
04-10-14,6.081918
04-10-14,8.321302
04-10-14,5.495122
04-10-14,6.343849
04-10-14,4.362846
04-10-14,7.957224
04-10-14,8.376253
04-10-14,4.592818
04-10-14,7.308744
04-10-14,8.408573
04-10-14,8.737694
04-10-14,7.394523
04-10-14,5.728797
04-10-14,7.526189
04-10-14,6.879621
04-10-14,3.645775
04-10-14,7.579782
04-10-14,6.267006
04-10-14,12.399052
04-10-14,10.330566
04-10-14,6.281446
04-10-14,10.723712
04-10-14,8.207114
04-10-14,10.749537
04-10-14,10.413453
04-10-14,9.237083
04-10-14,9.741825
04-10-14,9.753689
04-10-14,6.670123
04-10-14,10.463778
04-10-14,4.531354
04-10-14,6.404398
04-10-14,9.920263
04-10-14,5.56743
04-10-14,4.748164
04-10-14,5.003222
04-10-14,4.610532
04-10-14,9.660692
04-10-14,5.662198
04-10-14,2.805414
04-10-14,6.574446
04-10-14,4.470731
04-10-14,6.317992
04-10-14,6.847534
04-10-14,5.92492
04-10-14,8.070017
04-10-14,9.943789
04-10-14,6.987262
04-10-14,6.376788
04-10-14,7.31392
04-10-14,5.988761
04-10-14,5.87358
04-10-14,5.73105
04-10-14,6.463804
04-10-14,7.647206
04-10-14,7.984619
04-10-14,6.596778
04-10-14,6.525408
04-10-14,6.744143
04-10-14,8.084872
04-10-14,7.703155
04-10-14,6.589809
04-10-14,6.3
04-10-14,6.894962
04-10-14,6.30758
04-10-14,7.798559
04-10-14,6.493289
04-10-14,6.033534
04-10-14,5.433949
04-10-14,7.181532
04-10-14,6.103153
04-10-14,7.054309
04-10-14,5.569661
04-10-14,8.873795
04-10-14,5.721477
04-10-14,6.4993
04-10-14,4.51271
04-10-14,6.511528
04-10-14,5.634347
04-10-14,6.664452
04-10-14,5.371889
04-10-14,6.938637
04-10-14,5.878355
04-10-14,5.939748
04-10-14,5.546518
04-10-14,6.565772
04-10-14,6.007013
04-10-14,5.775183
04-10-14,5.507315
04-10-14,6.620593
04-10-14,6.970068
04-10-14,6.086692
04-10-14,6.191206
04-10-14,6.486037
04-10-14,6.4243
04-10-14,6.971252
04-10-14,7.134429
05-10-14,5.668053
05-10-14,5.233567
05-10-14,6.442733
05-10-14,6.944208
05-10-14,5.228788
05-10-14,3.319151
05-10-14,4.947609
05-10-14,5.088116
05-10-14,6.39992
05-10-14,5.705261
05-10-14,6.624589
05-10-14,6.456099
05-10-14,6.489268
05-10-14,6.060678
05-10-14,5.210833
05-10-14,5.784866
05-10-14,6.40029
05-10-14,4.895314
05-10-14,5.420354
05-10-14,5.432275
05-10-14,5.427979
05-10-14,7.164336
05-10-14,7.066954
05-10-14,6.846805
05-10-14,7.298078
05-10-14,6.744614
05-10-14,2.905631
05-10-14,6.153623
05-10-14,7.601218
05-10-14,7.09702
05-10-14,6.927051
05-10-14,7.3968
05-10-14,6.37326
05-10-14,6.067531
05-10-14,6.912275
05-10-14,5.852391
05-10-14,6.890131
05-10-14,5.650337
05-10-14,5.846324
05-10-14,7.669215
05-10-14,7.433183
05-10-14,7.273382
05-10-14,5.585963
05-10-14,6.199052
05-10-14,5.881707
05-10-14,7.14234
05-10-14,11.592142
05-10-14,6.358503
05-10-14,6.992937
05-10-14,4.428816
05-10-14,8.000259
05-10-14,6.928254
05-10-14,5.733735
05-10-14,7.610076
05-10-14,6.04891
05-10-14,8.488691
05-10-14,11.116435
05-10-14,8.304717
05-10-14,12.605599
05-10-14,9.076212
05-10-14,8.186479
05-10-14,8.812183
05-10-14,12.260479
05-10-14,6.338025
05-10-14,5.572093
05-10-14,11.065671
05-10-14,9.6286
05-10-14,8.445451
05-10-14,10.295947
05-10-14,7.821231
05-10-14,8.804167
05-10-14,9.453457
05-10-14,9.468197
05-10-14,9.581216
05-10-14,11.2727
05-10-14,8.296205
05-10-14,5.072267
05-10-14,5.629035
05-10-14,3.281451
05-10-14,6.163771
05-10-14,9.119111
05-10-14,7.05053
05-10-14,8.697445
05-10-14,9.211278
05-10-14,6.894932
05-10-14,7.869439
05-10-14,9.343035
05-10-14,7.751408
05-10-14,6.525949
05-10-14,8.617694
05-10-14,9.325593
05-10-14,5.55878
05-10-14,7.306949
05-10-14,7.983532
05-10-14,8.44133
05-10-14,7.456468
05-10-14,5.232923
05-10-14,6.220397
05-10-14,8.152885
05-10-14,8.969618
05-10-14,9.353683
05-10-14,6.876217
05-10-14,7.685284
05-10-14,7.163626
05-10-14,7.674036
05-10-14,6.544754
05-10-14,6.823889
05-10-14,6.694908
05-10-14,5.913944
05-10-14,7.338628
05-10-14,6.083199
05-10-14,6.302958
05-10-14,5.54201
05-10-14,7.873286
05-10-14,4.269024
05-10-14,5.444387
05-10-14,5.330424
05-10-14,5.392905
05-10-14,6.777053
05-10-14,6.086463
05-10-14,8.021458
05-10-14,6.684898
05-10-14,6.120872
05-10-14,5.733693
05-10-14,6.288487
05-10-14,6.576461
05-10-14,5.483376
05-10-14,3.780652
05-10-14,7.294732
05-10-14,5.201897
05-10-14,4.704189
05-10-14,6.159822
05-10-14,5.46543
05-10-14,8.229847
06-10-14,7.236519
06-10-14,5.979882
06-10-14,6.601548
06-10-14,4.408584
06-10-14,6.819105
06-10-14,7.29945
06-10-14,6.267037
06-10-14,4.871962
06-10-14,7.470353
06-10-14,7.110948
06-10-14,7.47425
06-10-14,5.306346
06-10-14,6.016133
06-10-14,7.329706
06-10-14,5.331367
06-10-14,7.29153
06-10-14,6.923638
06-10-14,6.590557
06-10-14,5.673183
06-10-14,4.540294
06-10-14,6.621394
06-10-14,7.159132
06-10-14,7.355866
06-10-14,8.320166
06-10-14,7.985895
06-10-14,5.989944
06-10-14,7.232346
06-10-14,5.936872
06-10-14,6.102512
06-10-14,5.049927
06-10-14,8.466565
06-10-14,8.637048
06-10-14,8.714142
06-10-14,8.591276
06-10-14,8.074038
06-10-14,11.221185
06-10-14,7.193387
06-10-14,9.291013
06-10-14,7.102919
06-10-14,8.387469
06-10-14,7.583939
06-10-14,6.759215
06-10-14,6.194144
06-10-14,6.519222
06-10-14,9.787512
06-10-14,9.970363
06-10-14,8.037319
06-10-14,7.825212
07-10-14,7.664828
07-10-14,10.666175
07-10-14,9.637473
07-10-14,9.096934
07-10-14,5.752275
07-10-14,9.586717
07-10-14,11.71508
07-10-14,7.405266
07-10-14,8.272157
07-10-14,11.414686
07-10-14,8.29225
07-10-14,10.704461
07-10-14,9.25853
07-10-14,9.076377
07-10-14,8.353532
07-10-14,6.585703
07-10-14,9.204042
07-10-14,9.819367
07-10-14,10.807073
07-10-14,5.524625
07-10-14,5.332876
07-10-14,8.34612
07-10-14,8.979668
07-10-14,9.564942
07-10-14,7.988371
07-10-14,8.345551
07-10-14,8.081717
07-10-14,7.950356
07-10-14,9.54212
07-10-14,9.237363
07-10-14,6.463235
07-10-14,6.098999
07-10-14,7.223909
07-10-14,5.882526
07-10-14,8.911461
07-10-14,5.689775
07-10-14,5.991442
07-10-14,6.138822
07-10-14,4.807917
07-10-14,4.400746
07-10-14,4.101527
07-10-14,5.075267
07-10-14,5.167796
07-10-14,3.894914
07-10-14,4.453729
07-10-14,5.014147
07-10-14,5.130342
07-10-14,5.0248
07-10-14,4.528769
07-10-14,5.114985
07-10-14,5.252267
07-10-14,4.071466
07-10-14,5.352253
07-10-14,5.559279
07-10-14,4.877896
07-10-14,5.891892
07-10-14,7.476074
07-10-14,4.57285
07-10-14,5.397101
07-10-14,6.165577
07-10-14,5.81305
07-10-14,6.410467
07-10-14,5.90716
07-10-14,6.567818
07-10-14,5.895384
07-10-14,7.633668
07-10-14,6.559848
07-10-14,5.121144
07-10-14,5.334823
07-10-14,5.596194
07-10-14,5.784218
07-10-14,5.985377
07-10-14,5.041337
07-10-14,4.641452
07-10-14,6.473979
07-10-14,5.04283
07-10-14,4.655574
07-10-14,5.342402
07-10-14,4.918063
07-10-14,4.78479
07-10-14,4.745502
07-10-14,5.479648
07-10-14,6.585588
07-10-14,4.392093
07-10-14,4.017379
07-10-14,4.936954
07-10-14,3.895469
07-10-14,3.788922
07-10-14,5.296171
07-10-14,6.045658
07-10-14,5.604332
07-10-14,4.714359
07-10-14,6.111702
08-10-14,4.693405
08-10-14,5.341976
08-10-14,5.999202
08-10-14,5.18403
08-10-14,4.009407
08-10-14,5.42143
08-10-14,5.842633
08-10-14,4.891553
08-10-14,3.667449
08-10-14,5.267563
08-10-14,5.519423
08-10-14,4.890012
08-10-14,4.824382
08-10-14,4.21357
08-10-14,4.339389
08-10-14,4.269157
08-10-14,3.906361
08-10-14,4.928199
08-10-14,5.215009
08-10-14,4.847593
08-10-14,5.319215
08-10-14,5.799231
08-10-14,5.511569
08-10-14,6.176016
08-10-14,5.912678
08-10-14,5.995577
08-10-14,5.17826
08-10-14,6.02572
08-10-14,7.371557
08-10-14,7.273537
08-10-14,7.507949
08-10-14,6.606965
08-10-14,6.784171
08-10-14,5.973606
08-10-14,7.290941
08-10-14,6.968422
08-10-14,8.960233
08-10-14,6.130711
08-10-14,8.067165
08-10-14,5.953373
08-10-14,7.892323
08-10-14,6.802106
08-10-14,3.995209
08-10-14,4.197721
08-10-14,7.67552
08-10-14,8.011229
08-10-14,5.626809
08-10-14,7.862299
08-10-14,6.726293
08-10-14,4.657122
08-10-14,8.312437
08-10-14,7.214663
08-10-14,5.205474
08-10-14,7.127828
08-10-14,10.403342
08-10-14,6.173988
08-10-14,8.638439
08-10-14,9.264801
08-10-14,9.298064
08-10-14,9.510007
08-10-14,8.210896
08-10-14,6.548407
08-10-14,8.706193
08-10-14,9.034442
08-10-14,7.89172
08-10-14,5.208183
08-10-14,9.346483
08-10-14,7.85126
08-10-14,8.763569
08-10-14,8.71212
08-10-14,6.09235
08-10-14,8.619338
08-10-14,9.458104
08-10-14,11.689121
08-10-14,8.055908
08-10-14,5.515921
08-10-14,8.43219
08-10-14,8.956182
08-10-14,7.891499
08-10-14,8.336648
08-10-14,6.681305
08-10-14,5.955713
08-10-14,5.905977
08-10-14,4.917152
08-10-14,3.876215
08-10-14,4.37819
08-10-14,3.910873
08-10-14,4.589291
08-10-14,4.074492
08-10-14,4.524835
08-10-14,4.630498
08-10-14,4.795641
08-10-14,6.653206
08-10-14,5.123568
08-10-14,3.776273
08-10-14,4.92089
08-10-14,4.117832
08-10-14,5.52691
08-10-14,5.86217
08-10-14,3.476665
08-10-14,5.906965
08-10-14,7.670402
08-10-14,5.709108
08-10-14,5.699016
08-10-14,6.60966
08-10-14,6.481348
08-10-14,6.017379
08-10-14,7.135185
08-10-14,4.964605
08-10-14,5.742195
08-10-14,7.735113
08-10-14,5.531408
08-10-14,7.201825
08-10-14,4.616822
08-10-14,6.856656
08-10-14,8.795645
08-10-14,5.635911
08-10-14,6.509789
08-10-14,6.034936
08-10-14,5.268739
08-10-14,5.844787
08-10-14,5.729298
08-10-14,5.29974
08-10-14,5.426941
08-10-14,4.053649
08-10-14,5.477417
08-10-14,5.595318
08-10-14,4.79788
08-10-14,5.245869
08-10-14,3.71656
08-10-14,3.187603
08-10-14,3.354864
08-10-14,4.342393
08-10-14,4.448874
08-10-14,5.181813
08-10-14,5.578696
08-10-14,6.082057
08-10-14,5.812806
09-10-14,5.252224
09-10-14,6.201189
09-10-14,4.398282
09-10-14,4.376335
09-10-14,4.404393
09-10-14,4.209662
09-10-14,4.78778
09-10-14,4.977133
09-10-14,5.071042
09-10-14,5.516806
09-10-14,4.33547
09-10-14,6.332141
09-10-14,5.80537
09-10-14,3.464267
09-10-14,5.254105
09-10-14,4.237501
09-10-14,4.459679
09-10-14,5.161801
09-10-14,5.352449
09-10-14,4.723238
09-10-14,3.242991
09-10-14,5.497261
09-10-14,5.754494
09-10-14,5.65072
09-10-14,4.38305
09-10-14,5.308003
09-10-14,4.888284
09-10-14,6.547267
09-10-14,6.961236
09-10-14,7.006672
09-10-14,7.019116
09-10-14,6.040941
09-10-14,6.414315
09-10-14,6.894842
09-10-14,8.249505
09-10-14,6.086769
09-10-14,8.241098
09-10-14,7.25193
09-10-14,8.067566
09-10-14,6.844731
09-10-14,6.923677
09-10-14,7.443659
09-10-14,6.771404
09-10-14,3.994613
09-10-14,4.562998
09-10-14,8.022145
09-10-14,4.168215
09-10-14,5.338033
09-10-14,8.782541
09-10-14,10.156736
09-10-14,6.287835
09-10-14,8.544822
09-10-14,9.141835
09-10-14,6.267711
09-10-14,10.341796
09-10-14,9.526837
09-10-14,7.743636
09-10-14,9.487486
09-10-14,5.197726
09-10-14,7.954926
09-10-14,8.854544
09-10-14,9.115374
09-10-14,7.287375
09-10-14,6.405223
09-10-14,7.494073
09-10-14,8.778874
09-10-14,12.655978
09-10-14,7.760373
09-10-14,7.703501
09-10-14,10.175712
09-10-14,10.59246
09-10-14,8.775166
09-10-14,8.638816
09-10-14,8.88619
09-10-14,6.811362
09-10-14,7.409354
09-10-14,8.25749
09-10-14,6.356074
09-10-14,6.376188
09-10-14,9.647956
09-10-14,7.020925
09-10-14,8.180091
09-10-14,7.268645
09-10-14,5.68332
09-10-14,5.726442
09-10-14,6.148473
09-10-14,5.987117
09-10-14,5.532659
09-10-14,4.909204
09-10-14,4.484713
09-10-14,4.757133
09-10-14,3.722637
09-10-14,5.723769
09-10-14,5.042493
09-10-14,5.313181
09-10-14,4.660679
09-10-14,6.551115
09-10-14,5.222001
09-10-14,4.017209
09-10-14,5.532042
09-10-14,5.273296
09-10-14,7.838741
09-10-14,6.065817
09-10-14,6.934851
09-10-14,7.404214
09-10-14,6.863626
09-10-14,7.170353
09-10-14,7.175034
09-10-14,6.827451
09-10-14,6.837679
09-10-14,5.505469
09-10-14,5.791282
09-10-14,6.883927
09-10-14,6.710764
09-10-14,7.545764
09-10-14,5.042567
09-10-14,5.763976
09-10-14,4.505332
09-10-14,6.962426
09-10-14,5.724567
09-10-14,5.49284
09-10-14,5.177027
09-10-14,4.879694
09-10-14,5.806544
09-10-14,4.993154
09-10-14,5.2924
09-10-14,5.384162
09-10-14,5.468766
09-10-14,4.314471
09-10-14,4.779238
09-10-14,4.900445
09-10-14,4.677066
09-10-14,5.258826
09-10-14,6.249242
09-10-14,4.048008
09-10-14,5.122682
09-10-14,4.19319
09-10-14,4.732062
09-10-14,6.063279
09-10-14,3.605793
10-10-14,4.013641
10-10-14,4.553916
10-10-14,5.078032
10-10-14,4.750386
10-10-14,4.641706
10-10-14,4.376681
10-10-14,5.240458
10-10-14,4.751106
10-10-14,5.683467
10-10-14,6.179582
10-10-14,5.32448
10-10-14,4.066756
10-10-14,4.645912
10-10-14,4.567948
10-10-14,4.675774
10-10-14,4.228293
10-10-14,4.153122
10-10-14,4.262045
10-10-14,6.12147
10-10-14,5.155919
10-10-14,5.650475
10-10-14,5.363836
10-10-14,6.141839
10-10-14,6.584186
10-10-14,6.045628
10-10-14,6.058167
10-10-14,6.902352
10-10-14,5.225981
10-10-14,6.486283
10-10-14,6.850708
10-10-14,5.934342
10-10-14,6.705615
10-10-14,6.256588
10-10-14,6.208598
10-10-14,7.090941
10-10-14,8.021534
10-10-14,6.943674
10-10-14,8.687351
10-10-14,8.260946
10-10-14,8.437483
10-10-14,7.971182
10-10-14,6.76884
10-10-14,8.628213
10-10-14,4.671962
10-10-14,7.476152
10-10-14,7.335238
10-10-14,9.357525
10-10-14,6.890593
10-10-14,7.164318
10-10-14,5.314885
10-10-14,6.635963
10-10-14,4.710025
10-10-14,7.901208
10-10-14,11.434394
10-10-14,7.187128
10-10-14,5.57545
10-10-14,10.024581
10-10-14,11.08273
10-10-14,10.921008
10-10-14,9.439683
10-10-14,8.694947
10-10-14,8.473446
10-10-14,4.781209
10-10-14,7.380928
10-10-14,5.0985
10-10-14,5.109474
10-10-14,10.905718
10-10-14,9.708177
10-10-14,7.684835
10-10-14,4.992244
10-10-14,8.890573
10-10-14,6.533791
10-10-14,11.588416
10-10-14,9.739344
10-10-14,8.417687
10-10-14,5.907222
10-10-14,8.734317
10-10-14,3.84675
10-10-14,6.594532
10-10-14,8.506836
10-10-14,6.623828
10-10-14,7.372966
10-10-14,5.105139
10-10-14,6.598803
10-10-14,5.577391
10-10-14,4.368384
10-10-14,5.237459
10-10-14,4.641564
10-10-14,4.307301
10-10-14,4.263037
10-10-14,3.80873
10-10-14,4.431441
10-10-14,3.966711
10-10-14,5.932417
10-10-14,4.690873
10-10-14,5.48139
10-10-14,5.261091
10-10-14,4.820992
10-10-14,5.286605
10-10-14,5.247188
10-10-14,6.492453
10-10-14,6.091211
10-10-14,5.575411
10-10-14,7.221831
10-10-14,6.433586
10-10-14,5.511825
10-10-14,5.504337
10-10-14,6.669528
10-10-14,5.431709
10-10-14,6.364403
10-10-14,6.785862
10-10-14,6.04594
10-10-14,5.672096
10-10-14,6.15984
10-10-14,5.020546
10-10-14,5.859541
10-10-14,6.182878
10-10-14,5.325212
10-10-14,5.598628
10-10-14,6.077996
10-10-14,4.974111
10-10-14,5.32948
10-10-14,4.978826
10-10-14,6.166962
10-10-14,6.501322
10-10-14,5.804599
10-10-14,4.89398
10-10-14,4.582241
10-10-14,5.987312
10-10-14,4.076968
10-10-14,4.799393
10-10-14,4.702355
10-10-14,4.660281
10-10-14,3.77452
10-10-14,4.107588
10-10-14,5.205038
10-10-14,4.851702
10-10-14,5.698768
10-10-14,5.912852
11-10-14,6.899649
11-10-14,5.357891
11-10-14,4.540275
11-10-14,5.027654
11-10-14,5.409241
11-10-14,5.170295
11-10-14,4.23686
11-10-14,4.442049
11-10-14,3.875961
11-10-14,4.459986
11-10-14,4.675368
11-10-14,4.859207
11-10-14,4.58288
11-10-14,5.576046
11-10-14,3.868497
11-10-14,4.297974
11-10-14,4.959633
11-10-14,6.234869
11-10-14,4.72201
11-10-14,4.583335
11-10-14,6.303238
11-10-14,4.987342
11-10-14,6.378544
11-10-14,4.469423
11-10-14,5.543801
11-10-14,5.317218
11-10-14,5.808827
11-10-14,5.723908
11-10-14,6.9142
11-10-14,6.138403
11-10-14,6.692608
11-10-14,5.75604
11-10-14,7.207672
11-10-14,6.579908
11-10-14,6.775089
11-10-14,7.671863
11-10-14,8.424438
11-10-14,7.804588
11-10-14,5.894237
11-10-14,6.014081
11-10-14,6.611218
11-10-14,7.238549
11-10-14,3.479139
11-10-14,3.349285
11-10-14,5.571985
11-10-14,9.053738
11-10-14,7.41654
11-10-14,5.095776
11-10-14,8.698112
11-10-14,6.607613
11-10-14,9.737321
11-10-14,6.779439
11-10-14,9.230218
11-10-14,4.214248
11-10-14,9.985827
11-10-14,6.149773
11-10-14,8.869329
11-10-14,7.72007
11-10-14,8.778603
11-10-14,9.90696
11-10-14,10.260561
11-10-14,2.742956
11-10-14,6.968848
11-10-14,8.007549
11-10-14,9.898279
11-10-14,7.420389
11-10-14,6.110075
11-10-14,4.713597
11-10-14,5.534819
11-10-14,10.09535
11-10-14,7.914809
11-10-14,11.297864
11-10-14,7.005911
11-10-14,5.257054
11-10-14,9.484728
11-10-14,6.635132
11-10-14,4.718707
11-10-14,8.727176
11-10-14,5.027949
11-10-14,7.721014
11-10-14,5.632038
11-10-14,4.946853
11-10-14,4.911652
11-10-14,6.18392
11-10-14,6.380298
11-10-14,9.557126
11-10-14,7.375521
11-10-14,7.72809
11-10-14,6.790273
11-10-14,7.810528
11-10-14,6.452826
11-10-14,6.727661
11-10-14,6.069939
11-10-14,5.213236
11-10-14,6.217635
11-10-14,6.279146
11-10-14,6.638143
11-10-14,7.119545
11-10-14,4.429015
11-10-14,8.084051
11-10-14,5.959066
11-10-14,7.88614
11-10-14,6.923181
11-10-14,9.145431
11-10-14,7.508214
11-10-14,5.704711
11-10-14,6.104769
11-10-14,6.220698
11-10-14,5.466655
11-10-14,6.724801
11-10-14,8.484708
11-10-14,6.812096
11-10-14,6.507587
11-10-14,5.691615
11-10-14,6.845841
11-10-14,7.095126
11-10-14,6.939836
11-10-14,6.475719
11-10-14,5.826911
11-10-14,6.005689
11-10-14,5.791889
11-10-14,6.828464
11-10-14,7.539432
11-10-14,6.675704
11-10-14,8.621303
11-10-14,7.02868
11-10-14,7.129553
11-10-14,6.32173
11-10-14,4.500088
11-10-14,5.29948
11-10-14,6.875244
11-10-14,6.238146
11-10-14,6.236513
11-10-14,5.098698
11-10-14,6.496555
11-10-14,6.28793
11-10-14,6.795481
11-10-14,4.933798
12-10-14,5.69984
12-10-14,4.223812
12-10-14,5.021213
12-10-14,5.490666
12-10-14,4.679241
12-10-14,4.748361
12-10-14,6.14662
12-10-14,5.299762
12-10-14,6.963374
12-10-14,5.803493
12-10-14,7.167614
12-10-14,6.872529
12-10-14,4.850502
12-10-14,6.983084
12-10-14,4.976577
12-10-14,4.642048
12-10-14,6.094379
12-10-14,4.946729
12-10-14,5.836278
12-10-14,5.467757
12-10-14,3.792243
12-10-14,6.781943
12-10-14,6.466272
12-10-14,6.073172
12-10-14,5.905062
12-10-14,6.031535
12-10-14,5.450852
12-10-14,7.559844
12-10-14,6.823896
12-10-14,6.022898
12-10-14,6.422312
12-10-14,7.123317
12-10-14,6.475093
12-10-14,5.529792
12-10-14,4.047489
12-10-14,7.64536
12-10-14,6.729403
12-10-14,7.554958
12-10-14,8.036179
12-10-14,6.572606
12-10-14,11.04616
12-10-14,7.111583
12-10-14,7.053671
12-10-14,5.933434
12-10-14,4.368029
12-10-14,7.665885
12-10-14,4.843522
12-10-14,7.910739
12-10-14,6.701691
12-10-14,4.091447
12-10-14,8.545493
12-10-14,7.817375
12-10-14,13.676073
12-10-14,9.158559
12-10-14,8.106396
12-10-14,10.85555
12-10-14,11.311975
12-10-14,11.470459
12-10-14,9.733213
12-10-14,7.131923
12-10-14,11.478133
12-10-14,12.75264
12-10-14,8.825051
12-10-14,6.658982
12-10-14,8.221791
12-10-14,6.43802
12-10-14,10.159913
12-10-14,7.357126
12-10-14,8.48644
12-10-14,7.675521
12-10-14,5.956539
12-10-14,9.48022
12-10-14,9.792179
12-10-14,8.737018
12-10-14,3.90009
12-10-14,8.367547
12-10-14,4.818945
12-10-14,6.415426
12-10-14,5.904023
12-10-14,5.883383
12-10-14,8.920873
12-10-14,8.015894
12-10-14,8.193965
12-10-14,8.030594
12-10-14,6.162412
12-10-14,10.848681
12-10-14,7.567988
12-10-14,7.708373
12-10-14,8.427292
12-10-14,7.846808
12-10-14,7.288191
12-10-14,6.618859
12-10-14,5.828555
12-10-14,7.345408
12-10-14,7.038147
12-10-14,8.869769
12-10-14,7.78576
12-10-14,7.572375
12-10-14,5.583141
12-10-14,5.862484
12-10-14,6.637075
12-10-14,8.14395
12-10-14,6.807076
12-10-14,7.438617
12-10-14,7.436408
12-10-14,8.361539
12-10-14,8.158317
12-10-14,5.911077
12-10-14,6.345686
12-10-14,4.890534
12-10-14,7.67278
12-10-14,6.908365
12-10-14,5.889268
12-10-14,5.135154
12-10-14,6.12735
12-10-14,6.770408
12-10-14,5.751094
12-10-14,4.312497
12-10-14,6.143933
12-10-14,6.986339
12-10-14,6.254268
12-10-14,3.772337
12-10-14,6.232782
12-10-14,7.005637
12-10-14,6.118015
12-10-14,6.262568
12-10-14,4.07721
12-10-14,6.23785
12-10-14,6.377017
12-10-14,5.117305
12-10-14,7.890824
12-10-14,6.244316
12-10-14,5.783085
13-10-14,8.406703
13-10-14,5.964646
13-10-14,4.77332
13-10-14,6.159188
13-10-14,6.353922
13-10-14,4.630468
13-10-14,5.843699
13-10-14,5.206633
13-10-14,7.244589
13-10-14,6.299193
13-10-14,8.409666
13-10-14,4.783898
13-10-14,5.920805
13-10-14,5.96096
13-10-14,4.335738
13-10-14,6.339464
13-10-14,5.422212
13-10-14,4.624666
13-10-14,6.189891
13-10-14,5.009826
13-10-14,8.377152
13-10-14,7.517253
13-10-14,6.656341
13-10-14,7.321703
13-10-14,7.79746
13-10-14,6.308215
13-10-14,6.341896
13-10-14,6.103873
13-10-14,7.009599
13-10-14,5.525211
13-10-14,6.666972
13-10-14,7.38594
13-10-14,8.310769
13-10-14,8.22889
13-10-14,9.981684
13-10-14,5.301219
13-10-14,8.799586
13-10-14,8.064186
13-10-14,8.819209
13-10-14,9.274395
13-10-14,9.25553
13-10-14,6.653722
13-10-14,8.909428
13-10-14,8.588118
13-10-14,7.020151
13-10-14,9.700457
13-10-14,4.025453
13-10-14,6.727644
13-10-14,7.592072
13-10-14,9.835109
13-10-14,8.12009
13-10-14,6.490359
13-10-14,9.936571
13-10-14,13.632356
13-10-14,10.389643
13-10-14,10.709537
13-10-14,7.526679
13-10-14,8.279301
13-10-14,7.416746
13-10-14,6.703843
13-10-14,8.794603
13-10-14,10.303704
13-10-14,9.285243
13-10-14,9.707417
13-10-14,9.08305
13-10-14,10.239014
13-10-14,5.248792
13-10-14,5.461525
13-10-14,7.288213
13-10-14,8.296833
13-10-14,9.912505
13-10-14,4.362066
13-10-14,7.140726
13-10-14,12.381144
13-10-14,10.021334
13-10-14,10.692245
13-10-14,7.083888
13-10-14,10.285387
13-10-14,5.902945
13-10-14,8.241685
13-10-14,6.462762
13-10-14,5.005744
13-10-14,5.917645
13-10-14,6.61029
13-10-14,8.237174
13-10-14,6.754365
13-10-14,7.092446
13-10-14,7.558636
13-10-14,5.177521
13-10-14,6.102735
13-10-14,6.418683
13-10-14,5.913331
13-10-14,5.408227
13-10-14,6.346661
13-10-14,5.505672
13-10-14,3.681116
13-10-14,5.030619
13-10-14,6.208935
13-10-14,6.425417
13-10-14,4.088293
13-10-14,6.248214
13-10-14,7.105468
13-10-14,6.033805
13-10-14,5.633831
13-10-14,5.264256
13-10-14,6.58104
13-10-14,5.910922
13-10-14,7.578366
13-10-14,8.599028
13-10-14,6.759574
13-10-14,5.219469
13-10-14,4.038513
13-10-14,6.090163
13-10-14,6.033432
13-10-14,7.239644
13-10-14,4.932771
13-10-14,6.68922
13-10-14,7.810277
13-10-14,5.249033
13-10-14,6.54452
13-10-14,8.371019
13-10-14,5.344385
13-10-14,7.581805
13-10-14,6.481526
13-10-14,5.521016
13-10-14,7.226638
13-10-14,5.122779
13-10-14,6.535717
13-10-14,6.995103
13-10-14,5.016023
13-10-14,6.812668
13-10-14,7.440698
13-10-14,4.889225
13-10-14,4.364146
13-10-14,5.890332
13-10-14,5.362335
13-10-14,5.724329
13-10-14,5.213517
13-10-14,6.892415
13-10-14,5.653242
14-10-14,4.815786
14-10-14,6.10928
14-10-14,6.075191
14-10-14,6.334499
14-10-14,4.617734
14-10-14,6.315812
14-10-14,6.113804
14-10-14,4.197679
14-10-14,5.167332
14-10-14,5.422264
14-10-14,5.744707
14-10-14,4.749744
14-10-14,5.367732
14-10-14,5.340063
14-10-14,5.025208
14-10-14,6.583235
14-10-14,4.369305
14-10-14,4.209088
14-10-14,4.634237
14-10-14,6.419766
14-10-14,3.45462
14-10-14,5.237951
14-10-14,6.176937
14-10-14,5.127246
14-10-14,6.145698
14-10-14,6.360957
14-10-14,6.315604
14-10-14,5.263337
14-10-14,7.108721
14-10-14,6.067994
14-10-14,6.458239
14-10-14,6.042325
14-10-14,5.238214
14-10-14,6.343287
14-10-14,8.488926
14-10-14,7.664371
14-10-14,9.193572
14-10-14,6.571966
14-10-14,8.050725
14-10-14,7.546367
14-10-14,6.709752
14-10-14,6.832125
14-10-14,9.478593
14-10-14,5.205333
14-10-14,3.683264
14-10-14,4.016629
14-10-14,7.488887
14-10-14,5.659679
14-10-14,7.708059
14-10-14,9.181882
14-10-14,4.999048
14-10-14,7.495312
14-10-14,6.888818
14-10-14,6.872098
14-10-14,7.764381
14-10-14,7.452712
14-10-14,7.136206
14-10-14,8.507456
14-10-14,5.221737
14-10-14,5.94374
14-10-14,10.123812
14-10-14,6.634845
14-10-14,6.213188
14-10-14,9.055333
14-10-14,6.733049
14-10-14,8.142852
14-10-14,9.708795
14-10-14,8.044123
14-10-14,6.889305
14-10-14,4.973873
14-10-14,11.118599
14-10-14,3.783262
14-10-14,9.785391
14-10-14,8.097775
14-10-14,6.549605
14-10-14,12.870041
14-10-14,9.45784
14-10-14,8.950029
14-10-14,7.484011
14-10-14,7.251306
14-10-14,7.120831
14-10-14,8.966742
14-10-14,6.940199
14-10-14,5.697127
14-10-14,5.622558
14-10-14,5.404677
14-10-14,5.582109
14-10-14,4.921742
14-10-14,4.319593
14-10-14,5.311987
14-10-14,3.534136
14-10-14,4.766475
14-10-14,4.596987
14-10-14,5.33102
14-10-14,4.978999
14-10-14,3.632238
14-10-14,4.63137
14-10-14,5.669589
14-10-14,5.027808
14-10-14,5.652764
14-10-14,6.492942
14-10-14,6.232819
14-10-14,5.736529
14-10-14,6.659038
14-10-14,4.956033
14-10-14,6.971966
14-10-14,6.55541
14-10-14,7.562658
14-10-14,7.707078
14-10-14,6.021175
14-10-14,5.569145
14-10-14,6.703645
14-10-14,6.220448
14-10-14,4.915242
14-10-14,6.895386
14-10-14,6.107517
14-10-14,6.670551
14-10-14,5.879056
14-10-14,5.266736
14-10-14,6.907316
14-10-14,8.434711
14-10-14,4.72988
14-10-14,5.79192
14-10-14,4.693854
14-10-14,5.883182
14-10-14,5.121498
14-10-14,5.801589
14-10-14,5.894636
14-10-14,4.841949
14-10-14,5.676843
14-10-14,5.315938
14-10-14,4.499917
14-10-14,4.28843
14-10-14,4.130016
14-10-14,3.893356
14-10-14,4.560331
14-10-14,6.355581
14-10-14,5.049015
14-10-14,5.624008
14-10-14,4.589678
15-10-14,4.983785
15-10-14,3.594201
15-10-14,4.774332
15-10-14,8.202277
15-10-14,4.089285
15-10-14,3.981904
15-10-14,4.135665
15-10-14,4.782545
15-10-14,4.767825
15-10-14,5.22402
15-10-14,4.195614
15-10-14,5.992687
15-10-14,5.280335
15-10-14,5.391447
15-10-14,4.133628
15-10-14,4.787063
15-10-14,4.597813
15-10-14,5.379597
15-10-14,4.718212
15-10-14,5.071115
15-10-14,6.203333
15-10-14,5.802248
15-10-14,5.001182
15-10-14,6.229776
15-10-14,5.318716
15-10-14,5.162294
15-10-14,5.657817
15-10-14,5.841677
15-10-14,5.394031
15-10-14,7.698319
15-10-14,6.312374
15-10-14,6.920459
15-10-14,4.323989
15-10-14,7.037304
15-10-14,5.966071
15-10-14,6.635766
15-10-14,5.565777
15-10-14,6.603935
15-10-14,6.791773
15-10-14,8.928803
15-10-14,7.669022
15-10-14,5.609668
15-10-14,5.452109
15-10-14,8.310236
15-10-14,8.28087
15-10-14,8.251873
15-10-14,8.228858
15-10-14,8.574964
15-10-14,8.908016
15-10-14,7.355738
15-10-14,9.096846
15-10-14,10.241013
15-10-14,8.033261
15-10-14,5.094273
15-10-14,7.528612
15-10-14,10.00704
15-10-14,7.856793
15-10-14,7.377303
15-10-14,5.259454
15-10-14,8.978267
15-10-14,10.237779
15-10-14,8.08817
15-10-14,6.41364
15-10-14,7.325244
15-10-14,7.064357
15-10-14,9.358823
15-10-14,12.243651
15-10-14,11.306832
15-10-14,11.787546
15-10-14,8.733501
15-10-14,8.022508
15-10-14,10.150986
15-10-14,8.060156
15-10-14,12.51
15-10-14,9.194284
15-10-14,8.072631
15-10-14,11.092073
15-10-14,10.517022
15-10-14,9.073748
15-10-14,8.54543
15-10-14,6.282271
15-10-14,7.973041
15-10-14,7.919819
15-10-14,6.352688
15-10-14,6.82149
15-10-14,4.829524
15-10-14,5.570526
15-10-14,5.646299
15-10-14,4.794065
15-10-14,4.841757
15-10-14,5.795271
15-10-14,4.599249
15-10-14,5.180799
15-10-14,3.996215
15-10-14,4.790071
15-10-14,4.55885
15-10-14,4.550224
15-10-14,5.249477
15-10-14,4.889395
15-10-14,6.791515
15-10-14,5.53187
15-10-14,3.811237
15-10-14,5.538641
15-10-14,4.57451
15-10-14,5.751666
15-10-14,4.211622
15-10-14,6.553289
15-10-14,4.512333
15-10-14,6.528319
15-10-14,5.514669
15-10-14,7.141212
15-10-14,6.019241
15-10-14,7.061688
15-10-14,5.53927
15-10-14,4.679714
15-10-14,6.36086
15-10-14,7.786627
15-10-14,7.565956
15-10-14,5.869996
15-10-14,5.72976
15-10-14,5.729034
15-10-14,5.560387
15-10-14,5.004105
15-10-14,5.541712
15-10-14,5.898489
15-10-14,5.190471
15-10-14,5.109855
15-10-14,4.96952
15-10-14,4.583004
15-10-14,6.079804
15-10-14,4.793545
15-10-14,6.206978
15-10-14,5.348929
15-10-14,5.329421
15-10-14,4.70538
15-10-14,3.737248
15-10-14,5.369207
15-10-14,3.971868
15-10-14,3.508171
15-10-14,5.152732
15-10-14,4.150525
15-10-14,5.560977
16-10-14,5.561845
16-10-14,5.877231
16-10-14,5.480549
16-10-14,4.316978
16-10-14,6.159106
16-10-14,3.627595
16-10-14,5.439314
16-10-14,4.914555
16-10-14,5.193099
16-10-14,4.901457
16-10-14,4.572711
16-10-14,4.917305
16-10-14,4.352904
16-10-14,3.423792
16-10-14,4.661475
16-10-14,5.569824
16-10-14,3.660487
16-10-14,3.736708
16-10-14,5.673981
16-10-14,6.180776
16-10-14,5.047807
16-10-14,6.254761
16-10-14,4.276349
16-10-14,4.888464
16-10-14,5.862401
16-10-14,5.326615
16-10-14,5.553962
16-10-14,5.719914
16-10-14,6.852312
16-10-14,6.766236
16-10-14,7.766309
16-10-14,6.024378
16-10-14,5.557193
16-10-14,7.115053
16-10-14,6.555668
16-10-14,5.090803
16-10-14,7.534887
16-10-14,6.715686
16-10-14,6.00613
16-10-14,7.776771
16-10-14,6.951032
16-10-14,7.876877
16-10-14,9.160786
16-10-14,5.400368
16-10-14,3.440574
16-10-14,8.439915
16-10-14,7.177302
16-10-14,9.371626
16-10-14,5.42566
16-10-14,4.708106
16-10-14,6.204523
16-10-14,6.994082
16-10-14,11.335156
16-10-14,4.39543
16-10-14,4.672386
16-10-14,7.538509
16-10-14,9.343624
16-10-14,9.846334
16-10-14,12.315056
16-10-14,4.86442
16-10-14,9.888109
16-10-14,7.996475
16-10-14,8.038677
16-10-14,9.746695
16-10-14,9.98433
16-10-14,7.228238
16-10-14,12.200871
16-10-14,7.573934
16-10-14,12.712316
16-10-14,9.663044
16-10-14,9.486972
16-10-14,7.530602
16-10-14,7.928791
16-10-14,11.516841
16-10-14,9.073556
16-10-14,9.094073
16-10-14,9.045244
16-10-14,4.547982
16-10-14,8.055164
16-10-14,7.225251
16-10-14,6.099772
16-10-14,7.165461
16-10-14,6.761141
16-10-14,6.189951
16-10-14,6.169814
16-10-14,5.692006
16-10-14,3.712858
16-10-14,6.008372
16-10-14,4.276591
16-10-14,4.61896
16-10-14,3.880911
16-10-14,3.810955
16-10-14,4.328642
16-10-14,4.547441
16-10-14,5.810381
16-10-14,4.94662
16-10-14,5.792159
16-10-14,5.49704
16-10-14,5.431084
16-10-14,4.401408
16-10-14,5.228388
16-10-14,6.573808
16-10-14,5.980082
16-10-14,6.041041
16-10-14,5.555429
16-10-14,5.80031
16-10-14,5.39502
16-10-14,6.70397
16-10-14,6.392198
16-10-14,6.05452
16-10-14,4.340684
16-10-14,7.175563
16-10-14,7.082693
16-10-14,5.171753
16-10-14,6.382945
16-10-14,5.419617
16-10-14,4.897252
16-10-14,5.4122
16-10-14,4.414886
16-10-14,4.791375
16-10-14,7.616783
16-10-14,5.906991
16-10-14,5.278082
16-10-14,6.472676
16-10-14,5.794242
16-10-14,6.653145
16-10-14,5.38545
16-10-14,6.068571
16-10-14,5.226452
16-10-14,5.90387
16-10-14,4.772518
16-10-14,5.396601
16-10-14,4.789984
16-10-14,4.841935
16-10-14,4.444918
16-10-14,5.64576
16-10-14,5.48706
16-10-14,7.698295
16-10-14,4.392763
16-10-14,5.500556
17-10-14,5.806403
17-10-14,4.591625
17-10-14,5.395022
17-10-14,3.991055
17-10-14,4.96252
17-10-14,4.911037
17-10-14,3.765301
17-10-14,3.751721
17-10-14,3.797101
17-10-14,4.050136
17-10-14,4.97806
17-10-14,4.127741
17-10-14,5.10936
17-10-14,3.868174
17-10-14,4.425205
17-10-14,5.17038
17-10-14,5.171955
17-10-14,4.479187
17-10-14,4.23963
17-10-14,5.460401
17-10-14,5.984116
17-10-14,6.318573
17-10-14,4.543816
17-10-14,5.425781
17-10-14,6.20269
17-10-14,5.221073
17-10-14,5.576217
17-10-14,6.278064
17-10-14,6.45488
17-10-14,7.384331
17-10-14,6.602283
17-10-14,6.835006
17-10-14,4.794077
17-10-14,6.498129
17-10-14,7.607159
17-10-14,6.915195
17-10-14,5.828945
17-10-14,7.644943
17-10-14,5.431278
17-10-14,7.052269
17-10-14,8.257418
17-10-14,5.850999
17-10-14,10.609171
17-10-14,3.615666
17-10-14,3.17443
17-10-14,8.7793
17-10-14,4.710523
17-10-14,6.670866
18-10-14,4.412842
18-10-14,8.026395
18-10-14,6.298465
18-10-14,7.16533
18-10-14,4.949317
18-10-14,6.970351
18-10-14,7.649623
18-10-14,6.861691
18-10-14,8.087735
18-10-14,2.531484
18-10-14,11.23144
18-10-14,5.119283
18-10-14,9.346266
18-10-14,8.031083
18-10-14,9.101005
18-10-14,7.282002
18-10-14,10.058135
18-10-14,7.419856
18-10-14,9.092997
18-10-14,8.23512
18-10-14,2.823869
18-10-14,4.957786
18-10-14,4.615401
18-10-14,9.112781
18-10-14,8.688675
18-10-14,6.48161
18-10-14,10.42183
18-10-14,4.151133
18-10-14,7.302935
18-10-14,5.797643
18-10-14,6.600026
18-10-14,5.328234
18-10-14,8.426844
18-10-14,4.960474
18-10-14,6.688788
18-10-14,7.09492
18-10-14,8.412623
18-10-14,10.490143
18-10-14,6.832415
18-10-14,5.159908
18-10-14,7.062299
18-10-14,7.115767
18-10-14,5.925549
18-10-14,6.068845
18-10-14,6.386283
18-10-14,6.790955
18-10-14,7.419026
18-10-14,6.162924
18-10-14,10.606305
18-10-14,7.359019
18-10-14,6.862144
18-10-14,6.214419
18-10-14,8.335247
18-10-14,5.099586
18-10-14,5.475316
18-10-14,6.683004
18-10-14,7.659149
18-10-14,6.223674
18-10-14,5.70018
18-10-14,5.607414
18-10-14,6.51908
18-10-14,5.160399
18-10-14,4.82578
18-10-14,7.564499
18-10-14,5.618527
18-10-14,5.280575
18-10-14,7.272214
18-10-14,5.764064
18-10-14,4.72964
18-10-14,6.095785
18-10-14,5.462542
18-10-14,5.606769
18-10-14,4.96501
18-10-14,5.631734
18-10-14,4.123445
18-10-14,4.882039
18-10-14,6.922905
18-10-14,7.239191
18-10-14,5.888339
18-10-14,6.50675
18-10-14,5.835749
18-10-14,5.4571
18-10-14,7.226719
18-10-14,5.039474
18-10-14,6.858755
18-10-14,4.933944
18-10-14,7.829843
18-10-14,4.593227
19-10-14,4.854122
19-10-14,4.069016
19-10-14,4.720057
19-10-14,5.59234
19-10-14,7.437396
19-10-14,5.378146
19-10-14,6.133225
19-10-14,5.5903
19-10-14,5.06538
19-10-14,5.37867
19-10-14,4.99955
19-10-14,6.486987
19-10-14,5.754526
19-10-14,5.624702
19-10-14,5.590282
19-10-14,5.442711
19-10-14,6.630886
19-10-14,7.324776
19-10-14,5.191441
19-10-14,6.398772
19-10-14,5.395222
19-10-14,6.34219
19-10-14,6.604793
19-10-14,5.409707
19-10-14,5.817231
19-10-14,6.082699
19-10-14,7.740604
19-10-14,3.547212
19-10-14,5.763374
19-10-14,4.711555
19-10-14,7.88197
19-10-14,6.576308
19-10-14,6.479048
19-10-14,5.791812
19-10-14,7.723928
19-10-14,6.165602
19-10-14,7.081346
19-10-14,6.066936
19-10-14,7.869214
19-10-14,9.286907
19-10-14,5.496176
19-10-14,8.772282
19-10-14,8.328971
19-10-14,5.962895
19-10-14,9.128475
19-10-14,5.789906
19-10-14,5.997223
19-10-14,5.361295
19-10-14,11.885734
19-10-14,8.817676
19-10-14,8.626198
19-10-14,10.444404
19-10-14,7.387689
19-10-14,8.667391
19-10-14,6.680164
19-10-14,3.488589
19-10-14,9.527646
19-10-14,4.393623
19-10-14,9.309733
19-10-14,13.635664
19-10-14,8.140109
19-10-14,5.049262
19-10-14,9.299077
19-10-14,4.78213
19-10-14,10.88505
19-10-14,6.878939
19-10-14,8.807815
19-10-14,8.360905
19-10-14,9.526528
19-10-14,8.30659
19-10-14,11.272777
19-10-14,9.348756
19-10-14,7.531599
19-10-14,8.469223
19-10-14,4.821479
19-10-14,2.678074
19-10-14,6.306749
19-10-14,8.119288
19-10-14,5.805372
19-10-14,6.086277
19-10-14,6.437332
19-10-14,9.705613
19-10-14,7.518936
19-10-14,9.620148
19-10-14,5.848168
19-10-14,6.952427
19-10-14,8.50546
19-10-14,6.064803
19-10-14,6.75159
19-10-14,6.060647
19-10-14,6.638379
19-10-14,7.654574
19-10-14,7.099795
19-10-14,10.819104
19-10-14,6.964634
19-10-14,8.913896
19-10-14,7.703216
19-10-14,6.291075
19-10-14,7.23605
19-10-14,8.427386
19-10-14,6.917356
19-10-14,8.260719
19-10-14,7.714161
19-10-14,6.764534
19-10-14,9.523084
19-10-14,6.523214
19-10-14,6.921282
19-10-14,6.61738
19-10-14,7.796108
19-10-14,7.851556
19-10-14,5.819158
19-10-14,6.70846
19-10-14,3.937035
19-10-14,8.386089
19-10-14,6.509106
19-10-14,7.909573
19-10-14,7.830962
19-10-14,6.669989
19-10-14,5.084421
19-10-14,4.070624
19-10-14,5.556344
19-10-14,6.091372
19-10-14,3.792408
19-10-14,5.169548
19-10-14,5.525156
19-10-14,6.706295
19-10-14,5.269566
19-10-14,5.719698
19-10-14,5.63611
19-10-14,7.174025
19-10-14,5.320185
20-10-14,5.991877
20-10-14,7.65861
20-10-14,5.189234
20-10-14,4.4012
20-10-14,5.764136
20-10-14,6.753441
20-10-14,5.233501
20-10-14,5.387132
20-10-14,4.833101
20-10-14,6.868084
20-10-14,6.939243
20-10-14,7.782974
20-10-14,7.012514
20-10-14,6.923773
20-10-14,5.688644
20-10-14,6.369692
20-10-14,4.882827
20-10-14,7.611144
20-10-14,6.727181
20-10-14,7.153245
20-10-14,6.131484
20-10-14,5.935913
20-10-14,7.79629
20-10-14,7.805541
20-10-14,6.307963
20-10-14,7.36935
20-10-14,5.559136
20-10-14,7.143638
20-10-14,5.82206
20-10-14,5.946658
20-10-14,6.828736
20-10-14,5.579446
20-10-14,6.603535
20-10-14,9.195135
20-10-14,6.723461
20-10-14,8.838037
20-10-14,10.538471
20-10-14,7.363553
20-10-14,7.760484
20-10-14,6.666011
20-10-14,7.36446
20-10-14,8.162907
20-10-14,6.817876
20-10-14,8.606428
20-10-14,8.454688
20-10-14,8.379386
20-10-14,8.138437
20-10-14,10.421341
20-10-14,8.772075
20-10-14,10.274178
20-10-14,7.933952
20-10-14,8.91833
20-10-14,8.680181
20-10-14,5.276479
20-10-14,8.227805
20-10-14,8.417254
20-10-14,9.150648
20-10-14,8.612738
20-10-14,7.467452
20-10-14,9.819904
20-10-14,12.317793
20-10-14,12.75905
20-10-14,11.013841
20-10-14,11.106208
20-10-14,11.349865
20-10-14,8.541598
20-10-14,10.365362
20-10-14,5.143322
20-10-14,7.322932
20-10-14,9.644283
20-10-14,7.649912
20-10-14,10.756027
20-10-14,5.208655
20-10-14,7.530099
20-10-14,7.777027
20-10-14,8.875739
20-10-14,9.075546
20-10-14,7.947945
20-10-14,9.904991
20-10-14,6.058746
20-10-14,8.228113
20-10-14,6.587171
20-10-14,7.417299
20-10-14,7.240577
20-10-14,5.104062
20-10-14,5.855759
20-10-14,5.434073
20-10-14,4.520188
20-10-14,4.84572
20-10-14,3.91244
20-10-14,4.429821
20-10-14,3.758139
20-10-14,5.286625
20-10-14,4.80232
20-10-14,4.119445
20-10-14,4.676286
20-10-14,4.073165
20-10-14,5.199259
20-10-14,3.763142
20-10-14,4.303441
20-10-14,5.057121
20-10-14,6.520562
20-10-14,6.391614
20-10-14,5.876039
20-10-14,7.317768
20-10-14,4.270787
20-10-14,5.602976
20-10-14,6.91636
20-10-14,5.104334
20-10-14,5.556679
20-10-14,5.982714
20-10-14,5.406707
20-10-14,5.804057
20-10-14,5.013676
20-10-14,6.138335
20-10-14,5.688276
20-10-14,7.281286
20-10-14,4.870473
20-10-14,5.512562
20-10-14,6.661139
20-10-14,6.712644
20-10-14,7.093939
20-10-14,5.22732
20-10-14,4.729743
20-10-14,4.22214
20-10-14,6.735148
20-10-14,4.982047
20-10-14,9.136458
20-10-14,6.690505
20-10-14,6.558458
20-10-14,6.133793
20-10-14,4.220219
20-10-14,4.528978
20-10-14,4.316823
20-10-14,5.158601
20-10-14,3.547862
20-10-14,3.87876
20-10-14,3.978404
20-10-14,4.510482
20-10-14,4.929944
20-10-14,5.273221
21-10-14,5.778306
21-10-14,5.463615
21-10-14,4.222041
21-10-14,4.580176
21-10-14,4.70802
21-10-14,4.661815
21-10-14,5.450693
21-10-14,4.79602
21-10-14,4.478717
21-10-14,4.473092
21-10-14,4.517421
21-10-14,5.523572
21-10-14,4.126682
21-10-14,4.704672
21-10-14,4.065906
21-10-14,3.882319
21-10-14,4.292432
21-10-14,4.20477
21-10-14,5.240407
21-10-14,4.406277
21-10-14,7.743753
21-10-14,4.751375
21-10-14,4.13718
21-10-14,3.491245
21-10-14,4.284604
21-10-14,5.289103
21-10-14,4.541933
21-10-14,5.174013
21-10-14,5.519645
21-10-14,7.006498
21-10-14,5.983391
21-10-14,6.255072
21-10-14,6.491308
21-10-14,6.12517
21-10-14,6.801511
21-10-14,7.860859
21-10-14,7.110184
21-10-14,6.474949
21-10-14,7.819397
21-10-14,7.696549
21-10-14,7.226766
21-10-14,6.312375
21-10-14,3.864421
21-10-14,4.495857
21-10-14,3.349985
21-10-14,7.471612
21-10-14,4.366073
21-10-14,7.254941
21-10-14,8.88291
21-10-14,6.051073
21-10-14,7.8868
21-10-14,7.967903
21-10-14,7.110318
21-10-14,9.482864
21-10-14,8.76147
21-10-14,8.030492
21-10-14,9.56649
21-10-14,7.26217
21-10-14,11.086769
21-10-14,8.032609
21-10-14,9.243801
21-10-14,10.139912
21-10-14,8.828553
21-10-14,8.009152
21-10-14,10.813813
21-10-14,7.785263
21-10-14,11.723436
21-10-14,5.726625
21-10-14,10.151013
21-10-14,4.665914
21-10-14,9.305808
21-10-14,5.603497
21-10-14,10.566052
21-10-14,9.569606
21-10-14,9.70339
21-10-14,10.000626
21-10-14,6.334141
21-10-14,9.119169
21-10-14,8.065353
21-10-14,7.964734
21-10-14,6.568611
21-10-14,7.926146
21-10-14,7.005529
21-10-14,5.921878
21-10-14,6.685955
21-10-14,6.579328
21-10-14,4.364524
21-10-14,5.343607
21-10-14,4.060398
21-10-14,4.281795
21-10-14,4.405599
21-10-14,4.414237
21-10-14,4.618215
21-10-14,4.259827
21-10-14,4.655751
21-10-14,4.925338
21-10-14,4.986356
21-10-14,5.656986
21-10-14,4.317774
21-10-14,5.236094
21-10-14,5.661215
21-10-14,3.940455
21-10-14,5.697357
21-10-14,6.166214
21-10-14,6.069875
21-10-14,5.661657
21-10-14,6.492322
21-10-14,6.021165
21-10-14,5.987586
21-10-14,5.649995
21-10-14,5.641648
21-10-14,5.807474
21-10-14,6.942403
21-10-14,5.002543
21-10-14,5.34133
21-10-14,5.521298
21-10-14,5.507132
21-10-14,7.162483
21-10-14,6.564575
21-10-14,5.878892
21-10-14,5.844064
21-10-14,5.73358
21-10-14,6.334578
21-10-14,5.050567
21-10-14,4.675937
21-10-14,4.855739
21-10-14,6.728822
21-10-14,5.119721
21-10-14,5.611292
21-10-14,5.605547
21-10-14,4.580147
21-10-14,5.605035
21-10-14,2.633769
21-10-14,4.741518
21-10-14,3.552452
21-10-14,5.455334
21-10-14,4.389451
21-10-14,4.5548
21-10-14,6.233869
21-10-14,5.231246
22-10-14,6.659456
22-10-14,6.532505
22-10-14,4.987201
22-10-14,3.86085
22-10-14,4.51194
22-10-14,5.048364
22-10-14,4.88877
22-10-14,5.154013
22-10-14,5.145666
22-10-14,4.769788
22-10-14,5.417698
22-10-14,6.848498
22-10-14,3.858539
22-10-14,5.427491
22-10-14,3.385603
22-10-14,3.388644
22-10-14,4.602911
22-10-14,6.007313
22-10-14,6.261422
22-10-14,4.788122
22-10-14,6.303319
22-10-14,5.004999
22-10-14,4.729506
22-10-14,8.246842
22-10-14,5.052758
22-10-14,6.038082
22-10-14,5.288348
22-10-14,5.174291
22-10-14,6.278982
22-10-14,8.035336
22-10-14,7.066285
22-10-14,6.782887
22-10-14,6.794958
22-10-14,6.07801
22-10-14,7.151662
22-10-14,6.638877
22-10-14,6.779801
22-10-14,6.998957
22-10-14,5.822905
22-10-14,7.891325
22-10-14,5.993502
22-10-14,7.325651
22-10-14,8.237538
22-10-14,6.266827
22-10-14,6.893913
22-10-14,8.443082
22-10-14,3.675523
22-10-14,9.420434
22-10-14,7.148078
22-10-14,7.573676
22-10-14,7.663417
22-10-14,9.114233
22-10-14,8.129067
22-10-14,7.748934
22-10-14,13.20314
22-10-14,9.400757
22-10-14,7.10374
22-10-14,12.370533
22-10-14,5.7085
22-10-14,8.341401
22-10-14,7.39554
22-10-14,5.219998
22-10-14,21.066906
22-10-14,6.538616
22-10-14,6.733423
22-10-14,7.0919
22-10-14,11.075347
22-10-14,7.448208
22-10-14,14.091321
22-10-14,5.126542
22-10-14,6.324193
22-10-14,5.474122
22-10-14,8.103455
22-10-14,6.186204
22-10-14,8.911972
22-10-14,8.893067
22-10-14,8.263475
22-10-14,10.598402
22-10-14,11.201915
22-10-14,6.859303
22-10-14,9.438384
22-10-14,7.74812
22-10-14,5.385246
22-10-14,6.6081
22-10-14,6.274624
22-10-14,7.160477
22-10-14,4.562873
22-10-14,4.745462
22-10-14,4.469753
22-10-14,4.731273
22-10-14,3.893085
22-10-14,4.274628
22-10-14,3.232342
22-10-14,4.675331
22-10-14,3.911301
22-10-14,4.839254
22-10-14,4.368353
22-10-14,4.822341
22-10-14,4.722875
22-10-14,5.199843
22-10-14,4.199206
22-10-14,6.626341
22-10-14,6.644028
22-10-14,6.407582
22-10-14,5.335337
22-10-14,5.823543
22-10-14,6.279158
22-10-14,7.054129
22-10-14,6.564614
22-10-14,5.394797
22-10-14,7.239198
22-10-14,7.426706
22-10-14,4.744457
22-10-14,5.938566
22-10-14,5.738945
22-10-14,4.848652
22-10-14,6.385516
22-10-14,6.129425
22-10-14,5.85085
22-10-14,5.908478
22-10-14,6.198158
22-10-14,4.057546
22-10-14,5.141621
22-10-14,6.365051
22-10-14,5.387381
22-10-14,7.019544
22-10-14,7.365926
22-10-14,5.560391
22-10-14,7.06697
22-10-14,4.964302
22-10-14,4.93487
22-10-14,4.835257
22-10-14,4.537924
22-10-14,5.434282
22-10-14,5.090032
22-10-14,5.271908
22-10-14,5.379531
22-10-14,5.516923
22-10-14,6.11123
22-10-14,5.265331
22-10-14,6.599455
22-10-14,5.372696
23-10-14,4.581456
23-10-14,5.792925
23-10-14,6.494755
23-10-14,5.112826
23-10-14,4.240543
23-10-14,5.124715
23-10-14,4.472497
23-10-14,4.11499
23-10-14,4.58228
23-10-14,4.389559
23-10-14,5.39577
23-10-14,4.076726
23-10-14,4.598794
23-10-14,4.906019
23-10-14,5.67488
23-10-14,4.921658
23-10-14,5.440549
23-10-14,6.218128
23-10-14,4.018707
23-10-14,5.111954
23-10-14,5.743118
23-10-14,5.507119
23-10-14,6.080559
23-10-14,5.361897
23-10-14,5.209873
23-10-14,5.12128
23-10-14,6.407461
23-10-14,4.860122
23-10-14,6.63817
23-10-14,5.622119
23-10-14,5.091474
23-10-14,6.025401
23-10-14,5.296745
23-10-14,7.026654
23-10-14,5.626416
23-10-14,6.349243
23-10-14,6.898178
23-10-14,6.992644
23-10-14,7.416641
23-10-14,7.052887
23-10-14,7.093104
23-10-14,6.336335
23-10-14,4.503824
23-10-14,4.156918
23-10-14,5.909682
23-10-14,5.282051
23-10-14,8.04061
23-10-14,8.12027
23-10-14,6.961706
23-10-14,9.865922
23-10-14,4.50109
23-10-14,5.951382
23-10-14,6.057817
23-10-14,8.315493
23-10-14,10.934304
23-10-14,8.034128
23-10-14,8.5391
23-10-14,6.650928
23-10-14,6.251914
23-10-14,7.058665
23-10-14,9.108745
23-10-14,8.175106
23-10-14,8.029426
23-10-14,8.75241
23-10-14,7.608512
23-10-14,5.400715
23-10-14,9.897497
23-10-14,12.639438
23-10-14,8.890111
23-10-14,11.955776
23-10-14,7.83131
23-10-14,8.060927
23-10-14,8.007987
23-10-14,8.248693
23-10-14,7.618621
23-10-14,8.673371
23-10-14,3.807191
23-10-14,8.758509
23-10-14,7.224427
23-10-14,8.668469
23-10-14,8.203249
23-10-14,7.972902
23-10-14,6.744792
23-10-14,7.394784
23-10-14,5.132797
23-10-14,5.231066
23-10-14,5.100534
23-10-14,5.355341
23-10-14,4.579965
23-10-14,4.155812
23-10-14,3.984961
23-10-14,3.777611
23-10-14,4.379955
23-10-14,5.126293
23-10-14,4.777859
23-10-14,6.064843
23-10-14,3.592582
23-10-14,4.551873
23-10-14,5.538909
23-10-14,4.737101
23-10-14,4.929077
23-10-14,4.958549
23-10-14,4.749184
23-10-14,5.239056
23-10-14,6.15334
23-10-14,5.616251
23-10-14,7.363922
23-10-14,5.324235
23-10-14,7.244746
23-10-14,6.794795
23-10-14,6.750753
23-10-14,6.08468
23-10-14,6.609036
23-10-14,4.304787
23-10-14,5.61637
23-10-14,5.290502
23-10-14,5.383839
23-10-14,6.448918
23-10-14,4.959928
23-10-14,5.376677
23-10-14,6.433019
23-10-14,5.119663
23-10-14,4.854849
23-10-14,5.614557
23-10-14,5.009207
23-10-14,5.625007
23-10-14,4.208794
23-10-14,5.265588
23-10-14,5.226916
23-10-14,4.275874
23-10-14,6.21358
23-10-14,5.468068
23-10-14,4.82805
23-10-14,4.747822
23-10-14,5.64826
23-10-14,3.015078
23-10-14,4.112682
23-10-14,5.38934
23-10-14,4.508633
23-10-14,4.900021
23-10-14,5.36228
24-10-14,6.034549
24-10-14,5.334477
24-10-14,4.298875
24-10-14,4.676012
24-10-14,4.89398
24-10-14,3.810715
24-10-14,4.700354
24-10-14,4.433008
24-10-14,4.632858
24-10-14,4.637539
24-10-14,4.730047
24-10-14,5.399923
24-10-14,5.024854
24-10-14,4.312034
24-10-14,2.481066
24-10-14,3.51945
24-10-14,3.862787
24-10-14,11.699524
24-10-14,4.932492
24-10-14,4.876317
24-10-14,7.056498
24-10-14,3.370457
24-10-14,4.614197
24-10-14,5.959744
24-10-14,5.638574
24-10-14,7.032902
24-10-14,5.112365
24-10-14,6.439642
24-10-14,6.975371
24-10-14,6.209781
24-10-14,6.285196
24-10-14,6.038319
24-10-14,5.977645
24-10-14,7.176473
24-10-14,6.036489
24-10-14,6.698096
24-10-14,6.453415
24-10-14,7.690087
24-10-14,4.588703
24-10-14,6.597194
24-10-14,6.021601
24-10-14,7.202686
24-10-14,5.760931
24-10-14,5.992724
24-10-14,4.942502
24-10-14,5.949856
24-10-14,8.651738
24-10-14,6.522059
24-10-14,7.477059
24-10-14,4.64363
24-10-14,8.86271
24-10-14,7.628369
24-10-14,8.331006
24-10-14,8.025403
24-10-14,8.043039
24-10-14,9.604152
24-10-14,11.581525
24-10-14,9.211881
24-10-14,7.521227
24-10-14,7.795288
24-10-14,10.134451
24-10-14,10.331228
24-10-14,7.509601
24-10-14,8.329401
24-10-14,12.036777
24-10-14,9.119894
24-10-14,7.303639
24-10-14,11.69189
24-10-14,7.856822
24-10-14,9.75356
24-10-14,9.486032
24-10-14,5.743584
24-10-14,8.963323
24-10-14,8.882095
24-10-14,9.176211
24-10-14,6.334681
24-10-14,10.992121
24-10-14,2.139712
24-10-14,6.872314
24-10-14,7.841826
24-10-14,6.795162
24-10-14,8.02771
24-10-14,7.198623
24-10-14,6.623398
24-10-14,5.354498
24-10-14,6.452718
24-10-14,5.023927
24-10-14,3.682337
24-10-14,4.871902
24-10-14,4.240269
24-10-14,5.228219
24-10-14,4.446538
24-10-14,5.401809
24-10-14,4.883096
24-10-14,4.111716
24-10-14,4.336792
24-10-14,5.628339
24-10-14,4.925599
24-10-14,4.960332
24-10-14,4.480473
24-10-14,5.05915
24-10-14,5.088712
24-10-14,8.288884
24-10-14,6.12804
24-10-14,5.824237
24-10-14,6.375051
24-10-14,4.002884
24-10-14,5.862506
24-10-14,5.091608
24-10-14,6.512837
24-10-14,6.461685
24-10-14,5.572936
24-10-14,4.708712
24-10-14,6.421891
24-10-14,5.314034
24-10-14,7.110501
24-10-14,5.100555
24-10-14,4.799075
24-10-14,4.819791
24-10-14,6.522843
24-10-14,6.738405
24-10-14,6.088613
24-10-14,5.947254
24-10-14,5.756026
24-10-14,5.312563
24-10-14,5.715201
24-10-14,6.017934
24-10-14,5.563684
24-10-14,5.975817
24-10-14,3.528222
24-10-14,4.573145
24-10-14,3.930237
24-10-14,4.941533
24-10-14,4.032274
24-10-14,4.885223
24-10-14,4.291445
24-10-14,5.221503
24-10-14,5.443494
24-10-14,5.167624
25-10-14,4.675277
25-10-14,6.410957
25-10-14,5.220144
25-10-14,5.972278
25-10-14,4.499103
25-10-14,4.36595
25-10-14,5.194826
25-10-14,6.943465
25-10-14,4.461946
25-10-14,4.659999
25-10-14,6.676167
25-10-14,6.521935
25-10-14,3.976252
25-10-14,5.372123
25-10-14,5.048638
25-10-14,2.648443
25-10-14,4.547242
25-10-14,4.03867
25-10-14,3.917877
25-10-14,6.253511
25-10-14,3.722743
25-10-14,5.582671
25-10-14,6.060155
25-10-14,4.513964
25-10-14,5.437857
25-10-14,5.420258
25-10-14,5.127036
25-10-14,6.420587
25-10-14,5.672048
25-10-14,6.458057
25-10-14,6.010223
25-10-14,6.342562
25-10-14,6.853356
25-10-14,7.682642
25-10-14,6.786439
25-10-14,6.020777
25-10-14,6.282728
25-10-14,7.031547
25-10-14,7.478537
25-10-14,6.777495
25-10-14,5.757227
25-10-14,5.988474
25-10-14,8.559281
25-10-14,5.266412
25-10-14,9.734461
25-10-14,8.080028
25-10-14,8.336141
25-10-14,5.036359
25-10-14,5.639043
25-10-14,8.930266
25-10-14,10.47233
25-10-14,6.601406
25-10-14,8.318287
25-10-14,8.666805
25-10-14,7.27613
25-10-14,4.824129
25-10-14,8.938072
25-10-14,11.590631
25-10-14,7.836835
25-10-14,11.454342
25-10-14,5.421477
25-10-14,5.476017
25-10-14,10.352413
25-10-14,8.16317
25-10-14,2.538078
25-10-14,8.784168
25-10-14,13.022594
25-10-14,8.995135
25-10-14,10.757117
25-10-14,11.28444
25-10-14,7.532727
25-10-14,9.707114
25-10-14,9.016741
25-10-14,9.010807
25-10-14,10.332678
25-10-14,5.118532
25-10-14,7.643167
25-10-14,4.26882
25-10-14,5.307363
25-10-14,3.355537
25-10-14,4.170356
25-10-14,6.077291
25-10-14,6.001159
25-10-14,8.027883
25-10-14,7.050528
25-10-14,7.796134
25-10-14,8.820858
25-10-14,8.357622
25-10-14,6.657623
25-10-14,6.342671
25-10-14,5.134562
25-10-14,6.051992
25-10-14,5.356137
25-10-14,7.293491
25-10-14,5.103713
25-10-14,5.737863
25-10-14,7.873228
25-10-14,5.326979
25-10-14,7.405331
25-10-14,8.327693
25-10-14,7.771559
25-10-14,5.071362
25-10-14,6.329626
25-10-14,6.663724
25-10-14,6.189396
25-10-14,7.546692
25-10-14,6.029555
25-10-14,6.383785
25-10-14,8.685197
25-10-14,5.750346
25-10-14,6.967434
25-10-14,6.027807
25-10-14,6.422617
25-10-14,5.963056
25-10-14,7.755356
25-10-14,5.662092
25-10-14,6.207162
25-10-14,6.198838
25-10-14,5.098323
25-10-14,4.623177
25-10-14,5.99643
25-10-14,6.410955
25-10-14,5.862148
25-10-14,4.733331
25-10-14,5.754246
25-10-14,4.964969
25-10-14,4.334595
25-10-14,5.812728
25-10-14,6.713321
25-10-14,6.937728
25-10-14,4.841968
25-10-14,5.9474
25-10-14,5.845548
25-10-14,5.720214
25-10-14,6.131646
25-10-14,5.908949
26-10-14,5.997929
26-10-14,6.588396
26-10-14,6.342168
26-10-14,5.894622
26-10-14,6.424585
26-10-14,6.303844
26-10-14,5.031235
26-10-14,5.108442
26-10-14,4.608795
26-10-14,6.060576
26-10-14,5.360975
26-10-14,6.975869
26-10-14,4.999308
26-10-14,6.214929
26-10-14,5.843874
26-10-14,5.940563
26-10-14,5.492587
26-10-14,6.739824
26-10-14,4.150772
26-10-14,6.396104
26-10-14,5.815543
26-10-14,5.630116
26-10-14,4.38538
26-10-14,6.713018
26-10-14,7.564081
26-10-14,5.338174
26-10-14,6.148692
26-10-14,6.951151
26-10-14,5.058711
26-10-14,9.842712
26-10-14,6.45813
26-10-14,5.802796
26-10-14,7.432144
26-10-14,6.165916
26-10-14,6.157256
26-10-14,7.370717
26-10-14,7.42554
26-10-14,5.406435
26-10-14,7.500409
26-10-14,8.565453
26-10-14,7.724506
26-10-14,7.090314
26-10-14,8.905602
26-10-14,9.465882
26-10-14,5.513346
26-10-14,8.328852
26-10-14,8.027183
26-10-14,5.718649
26-10-14,4.437576
26-10-14,9.006634
26-10-14,3.588607
26-10-14,9.351323
26-10-14,7.314399
26-10-14,8.343333
26-10-14,8.018566
26-10-14,10.294872
26-10-14,6.510078
26-10-14,9.409989
26-10-14,8.129404
26-10-14,8.068814
26-10-14,9.588264
26-10-14,7.851074
26-10-14,8.2744
26-10-14,5.080087
26-10-14,10.602484
26-10-14,8.78221
26-10-14,8.698788
26-10-14,7.480511
26-10-14,6.584536
26-10-14,9.109777
26-10-14,10.729065
26-10-14,5.64598
26-10-14,8.242289
26-10-14,6.261999
26-10-14,9.360696
26-10-14,7.868429
26-10-14,7.336418
26-10-14,5.400781
26-10-14,2.371158
26-10-14,8.126428
26-10-14,6.841589
26-10-14,10.801562
26-10-14,8.938204
26-10-14,7.742401
26-10-14,6.688043
26-10-14,6.876109
26-10-14,9.70685
26-10-14,9.323349
26-10-14,6.278907
26-10-14,5.683774
26-10-14,5.595448
26-10-14,9.317921
26-10-14,7.240978
26-10-14,9.086383
26-10-14,4.759566
26-10-14,7.590004
26-10-14,6.469382
26-10-14,7.054498
26-10-14,4.98391
26-10-14,7.775997
26-10-14,7.051665
26-10-14,8.104071
26-10-14,6.385947
26-10-14,7.595674
26-10-14,5.815133
26-10-14,6.394476
26-10-14,5.516484
26-10-14,7.587685
26-10-14,6.601252
26-10-14,4.530411
26-10-14,5.792892
26-10-14,7.279275
26-10-14,7.242266
26-10-14,8.1345
26-10-14,4.61392
26-10-14,7.81934
26-10-14,5.665772
26-10-14,5.454736
26-10-14,8.766748
26-10-14,5.157483
26-10-14,4.99092
26-10-14,5.552978
26-10-14,5.477774
26-10-14,4.953653
26-10-14,6.781441
26-10-14,6.723556
26-10-14,4.777351
26-10-14,5.406841
26-10-14,6.142944
26-10-14,7.666964
26-10-14,4.701533
26-10-14,4.59371
26-10-14,5.968298
26-10-14,7.179875
27-10-14,6.465126
27-10-14,5.465221
27-10-14,6.790587
27-10-14,5.345466
27-10-14,6.358077
27-10-14,6.997085
27-10-14,6.991149
27-10-14,6.336472
27-10-14,5.136001
27-10-14,5.966799
27-10-14,5.91217
27-10-14,6.068305
27-10-14,6.02697
27-10-14,4.70001
27-10-14,4.360117
27-10-14,5.626119
27-10-14,7.665619
27-10-14,6.537994
27-10-14,5.775173
27-10-14,9.25612
27-10-14,5.956285
27-10-14,7.140848
27-10-14,5.845666
27-10-14,7.21999
27-10-14,7.113887
27-10-14,7.822139
27-10-14,6.224309
27-10-14,5.356328
27-10-14,6.53659
27-10-14,5.469626
27-10-14,5.60179
27-10-14,9.965866
27-10-14,7.835211
27-10-14,8.664329
27-10-14,8.209845
27-10-14,7.20263
27-10-14,7.883503
27-10-14,8.154758
27-10-14,8.629314
27-10-14,9.082114
27-10-14,7.388229
27-10-14,7.37879
27-10-14,7.049433
27-10-14,3.952371
27-10-14,7.908066
27-10-14,10.105309
27-10-14,7.833954
27-10-14,9.261258
27-10-14,5.077937
27-10-14,6.305832
27-10-14,8.161239
27-10-14,8.794918
27-10-14,13.707
27-10-14,4.560443
27-10-14,12.858088
27-10-14,12.82759
27-10-14,11.402731
27-10-14,7.767279
27-10-14,3.512439
27-10-14,8.188833
27-10-14,6.99632
27-10-14,10.860697
27-10-14,7.426514
27-10-14,7.609916
27-10-14,11.324228
27-10-14,9.166465
27-10-14,10.748567
27-10-14,9.85691
27-10-14,8.336487
27-10-14,12.994045
27-10-14,8.061768
27-10-14,10.840205
27-10-14,11.026978
27-10-14,8.464961
27-10-14,10.727973
27-10-14,10.870524
27-10-14,9.233559
27-10-14,8.524021
27-10-14,6.341616
27-10-14,8.920142
27-10-14,8.212224
27-10-14,5.569571
27-10-14,7.056138
27-10-14,7.424166
27-10-14,6.657934
27-10-14,6.492017
27-10-14,4.946703
27-10-14,4.476748
27-10-14,4.461791
27-10-14,3.722576
27-10-14,6.033351
27-10-14,4.424976
27-10-14,4.398364
27-10-14,4.823675
27-10-14,4.068052
27-10-14,4.52113
27-10-14,4.078789
27-10-14,4.988172
27-10-14,6.473347
27-10-14,6.72426
27-10-14,5.32985
27-10-14,6.57267
27-10-14,3.53881
27-10-14,5.748189
27-10-14,6.383959
27-10-14,5.945407
27-10-14,6.033726
27-10-14,6.142332
27-10-14,4.74695
27-10-14,5.776478
27-10-14,6.720612
27-10-14,6.549696
27-10-14,6.122905
27-10-14,6.718235
27-10-14,6.184407
27-10-14,6.556446
27-10-14,6.651645
27-10-14,6.20433
27-10-14,4.51393
27-10-14,5.104953
27-10-14,5.713522
27-10-14,4.375149
27-10-14,6.955373
27-10-14,6.275809
27-10-14,6.514538
27-10-14,6.082383
27-10-14,5.02542
27-10-14,6.211085
27-10-14,6.42498
27-10-14,4.592793
27-10-14,6.206329
27-10-14,5.139538
27-10-14,5.157488
27-10-14,4.437602
27-10-14,4.579822
27-10-14,4.812147
27-10-14,4.628153
27-10-14,4.815247
27-10-14,5.220784
27-10-14,5.54957
27-10-14,6.698225
28-10-14,5.845723
28-10-14,5.001284
28-10-14,5.033098
28-10-14,3.618512
28-10-14,3.087553
28-10-14,5.491399
28-10-14,6.262787
28-10-14,4.833249
28-10-14,4.803983
28-10-14,6.076162
28-10-14,5.098971
28-10-14,4.000492
28-10-14,4.475421
28-10-14,4.310329
28-10-14,5.129869
28-10-14,3.905507
28-10-14,6.494013
28-10-14,4.589187
28-10-14,5.795461
28-10-14,4.692602
28-10-14,4.632222
28-10-14,5.733851
28-10-14,5.849727
28-10-14,7.234716
28-10-14,5.620755
28-10-14,4.930565
28-10-14,5.510491
28-10-14,5.050643
28-10-14,5.788208
28-10-14,7.210221
28-10-14,7.069595
28-10-14,6.388537
28-10-14,5.257011
28-10-14,5.826532
28-10-14,8.939563
28-10-14,8.095367
28-10-14,7.429382
28-10-14,6.978326
28-10-14,6.723634
28-10-14,5.695372
28-10-14,7.623677
28-10-14,6.91027
28-10-14,4.636673
28-10-14,6.831103
28-10-14,8.235354
28-10-14,9.58041
28-10-14,5.252636
28-10-14,9.944339
28-10-14,6.265423
28-10-14,6.038765
28-10-14,7.948427
28-10-14,4.732861
28-10-14,7.893551
28-10-14,8.71255
28-10-14,8.972383
28-10-14,4.890453
28-10-14,8.636221
28-10-14,9.544529
28-10-14,7.655426
28-10-14,11.636067
28-10-14,8.65586
28-10-14,11.315669
28-10-14,7.006766
28-10-14,7.935868
28-10-14,9.261815
28-10-14,6.43365
28-10-14,9.911582
28-10-14,14.38795
28-10-14,8.812811
28-10-14,3.789663
28-10-14,6.684644
28-10-14,7.479655
28-10-14,8.759798
28-10-14,7.796144
28-10-14,7.537863
28-10-14,9.416931
28-10-14,9.687155
28-10-14,8.334667
28-10-14,9.684868
28-10-14,9.714153
28-10-14,7.457868
28-10-14,8.015195
28-10-14,6.331081
28-10-14,6.244917
28-10-14,5.059824
28-10-14,4.748314
28-10-14,8.32292
28-10-14,4.634319
28-10-14,5.437957
28-10-14,5.111781
28-10-14,5.22421
28-10-14,4.693739
28-10-14,5.218992
28-10-14,5.001086
28-10-14,4.000941
28-10-14,5.361442
28-10-14,5.746892
28-10-14,5.990637
28-10-14,5.693225
28-10-14,6.40874
28-10-14,4.971168
28-10-14,6.119458
28-10-14,5.91179
28-10-14,6.177579
28-10-14,5.73514
28-10-14,7.814983
28-10-14,5.514145
28-10-14,6.070476
28-10-14,6.900319
28-10-14,5.439017
28-10-14,4.947619
28-10-14,6.038027
28-10-14,5.695052
28-10-14,7.054456
28-10-14,5.779363
28-10-14,5.787581
28-10-14,5.94207
28-10-14,5.42578
28-10-14,5.152627
28-10-14,4.551557
28-10-14,5.283855
28-10-14,4.978583
28-10-14,4.857055
28-10-14,5.503534
28-10-14,5.546371
28-10-14,4.34142
28-10-14,5.252907
28-10-14,5.707305
28-10-14,5.285176
28-10-14,4.991788
28-10-14,6.138878
28-10-14,4.669474
28-10-14,3.931272
28-10-14,4.144653
28-10-14,3.419968
28-10-14,2.130276
28-10-14,6.050282
28-10-14,5.005393
28-10-14,5.66074
28-10-14,5.250384
28-10-14,6.33159
29-10-14,6.101306
29-10-14,5.006901
29-10-14,5.352053
29-10-14,4.281581
29-10-14,3.92056
29-10-14,1.17002
29-10-14,5.278769
29-10-14,4.452419
29-10-14,5.229881
29-10-14,7.222071
29-10-14,4.302623
29-10-14,4.293936
29-10-14,5.149822
29-10-14,4.750161
29-10-14,4.482775
29-10-14,4.874138
29-10-14,5.143671
29-10-14,4.881148
29-10-14,5.33063
29-10-14,6.030064
29-10-14,4.56001
29-10-14,5.723565
29-10-14,5.649575
29-10-14,6.884952
29-10-14,6.423018
29-10-14,5.225572
29-10-14,6.541787
29-10-14,5.785097
29-10-14,7.519636
29-10-14,5.59078
29-10-14,7.647794
29-10-14,5.768142
29-10-14,8.087008
29-10-14,6.569097
29-10-14,6.886332
29-10-14,7.241193
29-10-14,6.590154
29-10-14,5.584578
29-10-14,7.906677
29-10-14,6.558452
29-10-14,2.906374
29-10-14,5.723497
29-10-14,5.890701
29-10-14,6.358289
29-10-14,8.863961
29-10-14,6.111841
29-10-14,9.348011
29-10-14,7.038069
29-10-14,9.505774
29-10-14,10.391476
29-10-14,7.677037
29-10-14,7.547936
29-10-14,11.201337
29-10-14,5.85302
29-10-14,9.38974
29-10-14,7.275033
29-10-14,8.166236
29-10-14,5.91925
29-10-14,7.711776
29-10-14,11.662687
29-10-14,9.204156
29-10-14,8.353833
29-10-14,5.289582
29-10-14,8.577522
29-10-14,9.657813
29-10-14,7.614957
29-10-14,5.904851
29-10-14,9.409419
29-10-14,7.999738
29-10-14,11.035647
29-10-14,9.175877
29-10-14,9.095924
29-10-14,8.876527
29-10-14,11.311206
29-10-14,8.172859
29-10-14,5.072726
29-10-14,7.11122
29-10-14,7.320873
29-10-14,7.129562
29-10-14,7.599637
29-10-14,7.135654
29-10-14,5.340547
29-10-14,5.597788
29-10-14,5.922793
29-10-14,5.774751
29-10-14,5.286097
29-10-14,4.174205
29-10-14,5.10609
29-10-14,4.114847
29-10-14,5.329322
29-10-14,4.071412
29-10-14,5.682511
29-10-14,4.781553
29-10-14,4.311567
29-10-14,6.843077
29-10-14,7.533418
29-10-14,4.810826
29-10-14,5.476232
29-10-14,5.278412
29-10-14,4.963516
29-10-14,5.925772
29-10-14,4.865333
29-10-14,6.004379
29-10-14,5.662787
29-10-14,5.334731
29-10-14,5.188479
29-10-14,4.16255
29-10-14,7.072093
29-10-14,7.158943
29-10-14,5.599239
29-10-14,6.772177
29-10-14,6.406024
29-10-14,8.464374
29-10-14,7.560003
29-10-14,3.988376
29-10-14,6.255838
29-10-14,5.059479
29-10-14,4.310862
29-10-14,7.329652
29-10-14,5.830657
29-10-14,5.407471
29-10-14,6.013906
29-10-14,4.731194
29-10-14,5.218955
29-10-14,6.721359
29-10-14,5.861896
29-10-14,4.573153
29-10-14,5.892086
29-10-14,4.306996
29-10-14,3.930178
29-10-14,5.429319
29-10-14,3.905131
29-10-14,3.841062
29-10-14,5.091702
29-10-14,3.875642
29-10-14,5.97114
29-10-14,5.179996
29-10-14,5.073035
30-10-14,5.268807
30-10-14,6.005667
30-10-14,5.439517
30-10-14,5.568248
30-10-14,4.903136
30-10-14,4.511305
30-10-14,3.838445
30-10-14,4.11572
30-10-14,4.092273
30-10-14,5.387628
30-10-14,7.57242
30-10-14,3.815352
30-10-14,4.428036
30-10-14,3.776771
30-10-14,4.199629
30-10-14,4.927336
30-10-14,4.003675
30-10-14,4.220489
30-10-14,5.481152
30-10-14,4.074286
30-10-14,5.914103
30-10-14,4.648132
30-10-14,4.95478
30-10-14,6.125119
30-10-14,5.375064
30-10-14,5.251606
30-10-14,4.98575
30-10-14,6.063761
30-10-14,6.253056
30-10-14,6.808808
30-10-14,7.521671
30-10-14,7.274561
30-10-14,5.430375
30-10-14,7.566562
30-10-14,8.3022
30-10-14,8.359168
30-10-14,7.812132
30-10-14,8.894511
30-10-14,8.033369
30-10-14,10.857575
30-10-14,7.301195
30-10-14,7.388405
30-10-14,8.896335
30-10-14,7.54295
30-10-14,7.412622
30-10-14,7.005205
30-10-14,3.971638
30-10-14,6.349913
30-10-14,4.364913
30-10-14,7.465303
30-10-14,4.48567
30-10-14,8.528831
30-10-14,8.603411
30-10-14,9.696461
30-10-14,4.146825
30-10-14,13.153749
30-10-14,5.706118
30-10-14,7.702689
30-10-14,5.114881
30-10-14,8.089865
30-10-14,8.886711
30-10-14,7.54196
30-10-14,9.905048
30-10-14,8.067597
30-10-14,12.436695
30-10-14,7.892784
30-10-14,9.033742
30-10-14,12.916656
30-10-14,9.744994
30-10-14,7.756091
30-10-14,8.886958
30-10-14,10.843222
30-10-14,8.055071
30-10-14,8.548541
30-10-14,12.639044
30-10-14,9.877759
30-10-14,8.162371
30-10-14,7.417765
30-10-14,8.030742
30-10-14,5.68361
30-10-14,9.209423
30-10-14,6.372598
30-10-14,7.76154
30-10-14,6.055019
30-10-14,8.119625
30-10-14,5.126838
30-10-14,5.542372
30-10-14,3.496159
30-10-14,4.738972
30-10-14,4.325631
30-10-14,4.392006
30-10-14,3.360262
30-10-14,4.338447
30-10-14,3.564323
30-10-14,4.16062
30-10-14,6.315843
30-10-14,4.144793
30-10-14,5.993515
30-10-14,5.805982
30-10-14,5.989633
30-10-14,6.263526
30-10-14,6.466977
30-10-14,6.484676
30-10-14,6.106015
30-10-14,7.019607
30-10-14,6.327535
30-10-14,5.68311
30-10-14,5.692766
30-10-14,6.957251
30-10-14,5.72306
30-10-14,7.230707
30-10-14,5.224306
30-10-14,7.008006
30-10-14,5.439441
30-10-14,6.428803
30-10-14,7.350268
30-10-14,6.385238
30-10-14,4.16058
30-10-14,5.491317
30-10-14,5.43495
30-10-14,4.736018
30-10-14,5.847433
30-10-14,4.373502
30-10-14,6.08878
30-10-14,6.256586
30-10-14,5.789827
30-10-14,6.048128
30-10-14,6.720775
30-10-14,5.377026
30-10-14,5.514545
30-10-14,6.088102
30-10-14,8.82482
30-10-14,2.957939
30-10-14,4.388704
30-10-14,4.245476
30-10-14,5.318585
30-10-14,4.830795
30-10-14,5.450871
30-10-14,6.470453
30-10-14,4.52182
30-10-14,5.398882
31-10-14,3.723953
31-10-14,4.871178
31-10-14,4.809866
31-10-14,5.349356
31-10-14,3.647901
31-10-14,4.311339
31-10-14,5.273355
31-10-14,5.616449
31-10-14,3.705211
31-10-14,4.712767
31-10-14,5.299623
31-10-14,5.760622
31-10-14,3.085708
31-10-14,4.439378
31-10-14,4.157502
31-10-14,4.039173
31-10-14,4.75415
31-10-14,3.919681
31-10-14,5.889022
31-10-14,5.426165
31-10-14,3.964394
31-10-14,5.250248
31-10-14,5.440528
31-10-14,5.806576
31-10-14,5.628128
31-10-14,5.279101
31-10-14,4.738729
31-10-14,7.235702
31-10-14,6.156454
31-10-14,6.128728
31-10-14,6.353257
31-10-14,6.41534
31-10-14,6.913528
31-10-14,6.387431
31-10-14,7.377171
31-10-14,9.320225
31-10-14,7.581939
31-10-14,8.462871
31-10-14,6.406116
31-10-14,6.877425
31-10-14,8.309689
31-10-14,6.468382
31-10-14,6.114463
31-10-14,5.902515
31-10-14,6.511009
31-10-14,5.441607
31-10-14,6.991445
31-10-14,6.280574
31-10-14,4.437858
31-10-14,10.967662
31-10-14,9.242995
31-10-14,4.038671
31-10-14,9.80053
31-10-14,8.066154
31-10-14,5.741802
31-10-14,8.700689
31-10-14,9.480984
31-10-14,21.718075
31-10-14,7.166646
31-10-14,8.945823
31-10-14,12.419336
31-10-14,8.883248
31-10-14,0.689332
31-10-14,4.752128
31-10-14,9.172454
31-10-14,10.247152
31-10-14,23.650209
31-10-14,8.138692
31-10-14,8.045471
31-10-14,9.247784
31-10-14,5.552351
31-10-14,9.471879
31-10-14,11.432083
31-10-14,9.093068
31-10-14,6.765568
31-10-14,5.166252
31-10-14,4.008146
31-10-14,6.305114
31-10-14,6.094511
31-10-14,7.594655
31-10-14,8.27089
31-10-14,5.222767
31-10-14,6.334747
31-10-14,5.927868
31-10-14,4.698063
31-10-14,6.064275
31-10-14,4.505498
31-10-14,3.661653
31-10-14,4.577387
31-10-14,4.840054
31-10-14,4.470678
31-10-14,4.563103
31-10-14,4.873343
31-10-14,5.282342
31-10-14,5.147154
31-10-14,5.437462
31-10-14,4.046041
31-10-14,4.590025
31-10-14,4.301788
31-10-14,8.553437
31-10-14,6.032434
31-10-14,5.130335
31-10-14,5.502869
31-10-14,5.71842
31-10-14,5.947482
31-10-14,8.589037
31-10-14,7.498037
31-10-14,5.48794
31-10-14,6.522553
31-10-14,7.779373
31-10-14,6.468386
31-10-14,5.79124
31-10-14,6.629557
31-10-14,6.12916
31-10-14,6.042174
31-10-14,5.189362
31-10-14,7.539506
31-10-14,3.865645
31-10-14,6.218725
31-10-14,5.875303
31-10-14,6.374921
31-10-14,6.807577
31-10-14,5.239985
31-10-14,5.183981
31-10-14,6.130827
31-10-14,7.055985
31-10-14,4.944537
31-10-14,5.537823
31-10-14,5.300126
31-10-14,5.132333
31-10-14,5.123948
31-10-14,4.722188
31-10-14,5.374513
31-10-14,5.365365
31-10-14,4.894351
31-10-14,5.177332
31-10-14,5.105404
31-10-14,4.712053
01-11-14,5.264794
01-11-14,5.620159
01-11-14,4.504349
01-11-14,5.032583
01-11-14,4.461554
01-11-14,5.008939
01-11-14,4.57972
01-11-14,5.046959
01-11-14,4.680553
01-11-14,4.729035
01-11-14,4.03131
01-11-14,5.966018
01-11-14,4.073013
01-11-14,4.456995
01-11-14,3.128719
01-11-14,4.642493
01-11-14,4.100566
01-11-14,4.791207
01-11-14,7.670568
01-11-14,5.399161
01-11-14,5.115132
01-11-14,5.100451
01-11-14,5.888224
01-11-14,6.512283
01-11-14,5.404048
01-11-14,5.706176
01-11-14,6.463373
01-11-14,5.656579
01-11-14,6.467029
01-11-14,4.795572
01-11-14,6.114322
01-11-14,6.006467
01-11-14,6.156794
01-11-14,7.544911
01-11-14,5.584439
01-11-14,5.88051
01-11-14,7.165969
01-11-14,8.581912
01-11-14,5.417699
01-11-14,7.162946
01-11-14,5.652619
01-11-14,6.641452
01-11-14,6.41686
01-11-14,3.210627
01-11-14,4.547965
01-11-14,5.561677
01-11-14,5.511186
01-11-14,5.127218
